tevredenheid (eng-30-07531255-n); voldoening (eng-30-07531255-n); vergenoegdheid (eng-30-07531255-n)	onvrede (eng-30-07539511-n); mishagen (eng-30-07539511-n); ontevredenheid (eng-30-07539511-n); ongenoegen (eng-30-07539511-n)
verdikken (eng-30-00046151-v); aankomen (eng-30-00046151-v)	vermageren (eng-30-00045817-v); afvallen (eng-30-00045817-v)
slaapstoornis (eng-30-14297696-n)	futloosheid (eng-30-14014990-n); lusteloosheid (eng-30-14014990-n); hypnolepsie (eng-30-14014990-n); slaapzucht (eng-30-14014990-n); lethargie (eng-30-14014990-n)
stilvallen (eng-30-00461354-v); stilzwijgen (eng-30-00461354-v); zwijgen (eng-30-00461354-v)	kletsen (odwn-10-102818048-v)
bofkont (odwn-10-102967644-n)	kneus (eng-30-10273064-n); mislukkeling (eng-30-10273064-n); kneusje (eng-30-10273064-n); schlemiel (eng-30-10273064-n); pechvogel (eng-30-10273064-n); loser (eng-30-10273064-n); wanboffer (eng-30-10273064-n); verliezer (eng-30-10273064-n)
aborteren (eng-30-00059769-v)	bevruchten (eng-30-00053159-v)
deblokkeren (eng-30-00181664-v)	blokkeren (odwn-10-105829599-v)
uitgever (eng-30-10635625-n)	geldwolf (odwn-10-104415555-n)
draaien (odwn-10-101058396-v)	afslaan (eng-30-00434374-v); het laten afweten (eng-30-00434374-v); afspringen (eng-30-00434374-v); overlijden (eng-30-00434374-v)
opstappen (eng-30-02016523-v); binnengaan (eng-30-02016523-v); binnendringen (eng-30-02016523-v); ingaan (eng-30-02016523-v)	uitstappen (odwn-10-100392151-v)
aanzetten (eng-30-00345761-v); starten (eng-30-00345761-v); aangaan (eng-30-00345761-v); inzetten (eng-30-00345761-v); aanvangen (eng-30-00345761-v); beginnen (eng-30-00345761-v)	stilleggen (eng-30-02609764-v); eindigen (eng-30-02609764-v); stoppen (eng-30-02609764-v); uitscheiden (eng-30-02609764-v); nokken (eng-30-02609764-v); ophouden (eng-30-02609764-v)
krentenweger (odwn-10-103254339-n)	uitgever (eng-30-10635625-n)
voorlopen (eng-30-01999218-v); voorgaan (eng-30-01999218-v)	achterlopen (odwn-10-100282355-v)
laten (eng-30-02721438-v)	letten (eng-30-02450505-v); beletten (eng-30-02450505-v); voorkomen (eng-30-02450505-v); verletten (eng-30-02450505-v); verhinderen (eng-30-02450505-v)
neerleggen (odwn-10-103236559-v)	utiliseren (eng-30-01158872-v); gebruiken (eng-30-01158872-v); aanwenden (eng-30-01158872-v); verwerken (eng-30-01158872-v); pakken (eng-30-01158872-v); bezigen (eng-30-01158872-v); nemen (eng-30-01158872-v); benutten (eng-30-01158872-v); hanteren (eng-30-01158872-v); toepassen (eng-30-01158872-v)
stilvallen (eng-30-00461354-v); stilzwijgen (eng-30-00461354-v); zwijgen (eng-30-00461354-v)	kwebbelen (odwn-10-107249598-v)
terugkrijgen (eng-30-01111570-v); terugontvangen (eng-30-01111570-v)	pareren (eng-30-00816353-v); riposteren (eng-30-00816353-v); teruggeven (eng-30-00816353-v)
loskomen (eng-30-01299758-v); losraken (eng-30-01299758-v); losgaan (eng-30-01299758-v); loslaten (eng-30-01299758-v)	vastzetten (eng-30-01356750-v); houden (eng-30-01356750-v); vasthouden (eng-30-01356750-v); hechten (eng-30-01356750-v)
improductiviteit (eng-30-05148539-n); improduktiviteit (eng-30-05148539-n)	productiviteit (eng-30-13824500-n); produktiviteit (eng-30-13824500-n); arbeidsproductiviteit (eng-30-13824500-n); arbeidsproduktiviteit (eng-30-13824500-n)
kneus (eng-30-10273064-n); mislukkeling (eng-30-10273064-n); kneusje (eng-30-10273064-n); schlemiel (eng-30-10273064-n); pechvogel (eng-30-10273064-n); loser (eng-30-10273064-n); wanboffer (eng-30-10273064-n); verliezer (eng-30-10273064-n)	mazzelaar (odwn-10-105704389-n)
opvoeren (eng-30-00153263-v); vergroten (eng-30-00153263-v); amplificeren (eng-30-00153263-v)	slabakken (eng-30-00151689-v); teruglopen (eng-30-00151689-v); afnemen (eng-30-00151689-v); verminderen (eng-30-00151689-v); achteruitlopen (eng-30-00151689-v); minderen (eng-30-00151689-v)
bovenkleding (eng-30-03859495-n); overkleed (eng-30-03859495-n)	onderkleren (eng-30-04508949-n); lingerie (eng-30-04508949-n); onderkleding (eng-30-04508949-n); ondergoed (eng-30-04508949-n)
uitgever (eng-30-10635460-n)	geldwolf (odwn-10-104415555-n)
aanspreken (eng-30-01807882-v); bevallen (eng-30-01807882-v); appeleren (eng-30-01807882-v); liggen (eng-30-01807882-v); lijken (eng-30-01807882-v); behagen (eng-30-01807882-v); aanstaan (eng-30-01807882-v); zinnen (eng-30-01807882-v)	jennen (eng-30-01820901-v); plagen (eng-30-01820901-v); misnoegen (eng-30-01820901-v); ontstemmen (eng-30-01820901-v); mishagen (eng-30-01820901-v); tergen (eng-30-01820901-v); pesten (eng-30-01820901-v); ergeren (eng-30-01820901-v); kwellen (eng-30-01820901-v); koeioneren (eng-30-01820901-v); irriteren (eng-30-01820901-v)
de pijp aan Maarten geven (eng-30-00358431-v); creperen (eng-30-00358431-v); kapotgaan (eng-30-00358431-v); inslapen (eng-30-00358431-v); sterven (eng-30-00358431-v); verscheiden (eng-30-00358431-v); omkomen (eng-30-00358431-v); heengaan (eng-30-00358431-v); doodgaan (eng-30-00358431-v); vergaan (eng-30-00358431-v); expireren (eng-30-00358431-v); peigeren (eng-30-00358431-v); insluimeren (eng-30-00358431-v); verrekken (eng-30-00358431-v); versmachten (eng-30-00358431-v); ontslapen (eng-30-00358431-v); overlijden (eng-30-00358431-v)	leven (eng-30-02614181-v); voortbestaan (eng-30-02614181-v); verderleven (eng-30-02614181-v); existeren (eng-30-02614181-v); overleven (eng-30-02614181-v); bestaan (eng-30-02614181-v)
tegenstaan (eng-30-01808769-v); tegensteken (eng-30-01808769-v)	aanspreken (eng-30-01807882-v); bevallen (eng-30-01807882-v); appeleren (eng-30-01807882-v); liggen (eng-30-01807882-v); lijken (eng-30-01807882-v); behagen (eng-30-01807882-v); aanstaan (eng-30-01807882-v); zinnen (eng-30-01807882-v)
kouten (odwn-10-104222879-v)	stilvallen (eng-30-00461354-v); stilzwijgen (eng-30-00461354-v); zwijgen (eng-30-00461354-v)
afdalen (eng-30-01970826-v); dalen (eng-30-01970826-v); zakken (eng-30-01970826-v)	klimmen (odwn-10-101431739-v)
slaapstoornis (eng-30-14297696-n)	slaapzucht (eng-30-14307468-n); narcolepsie (eng-30-14307468-n); lethargie (eng-30-14307468-n); hypnolepsie (eng-30-14307468-n)
stilvallen (eng-30-00461354-v); stilzwijgen (eng-30-00461354-v); zwijgen (eng-30-00461354-v)	parlevinken (odwn-10-107653908-v)
regio (eng-30-08552138-n); rayon (eng-30-08552138-n); gebied (eng-30-08552138-n); grondgebied (eng-30-08552138-n); werkgebied (eng-30-08552138-n); district (eng-30-08552138-n)	binnenland (odwn-10-107703570-n)
skippen (eng-30-00614999-v); weglaten (eng-30-00614999-v); verwaarlozen (eng-30-00614999-v); overslaan (eng-30-00614999-v); overspringen (eng-30-00614999-v)	verwerken (eng-30-00723545-v); verdisconteren (eng-30-00723545-v); rekening houden (eng-30-00723545-v)
vermageren (eng-30-00045817-v); afvallen (eng-30-00045817-v)	verdikken (eng-30-00046151-v); aankomen (eng-30-00046151-v)
afkondigen (odwn-10-102935329-v)	aankondigen (eng-30-00974367-v); bekendmaken (eng-30-00974367-v); notifiëren (eng-30-00974367-v); aanduiden (eng-30-00974367-v); notificeren (eng-30-00974367-v); publiceren (eng-30-00974367-v); betekenen (eng-30-00974367-v)
output (odwn-10-106407272-n)	input (eng-30-06510478-n); invoer_bestand (eng-30-06510478-n); invoer (eng-30-06510478-n); invoering (eng-30-06510478-n)
kracht (eng-30-05035353-n); sterkte (eng-30-05035353-n); lichaamskracht (eng-30-05035353-n); intensiteit (eng-30-05035353-n)	slapte (eng-30-05113133-n)
bewolken (eng-30-02770717-v)	opklaren (eng-30-02771169-v)
toneel (eng-30-05933834-n); achtergrond (eng-30-05933834-n); background (eng-30-05933834-n)	voorgrond (eng-30-05934278-n)
sluiten (eng-30-01346978-v); dichtgaan (eng-30-01346978-v)	ontsluiten (eng-30-01346804-v); opengaan (eng-30-01346804-v); openen (eng-30-01346804-v)
koelen (eng-30-00370412-v); afkoelen (eng-30-00370412-v); verfrissen (eng-30-00370412-v); verkoelen (eng-30-00370412-v); bekoelen (eng-30-00370412-v)	warmen (eng-30-00371264-v); verwarmen (eng-30-00371264-v)
dichtvouwen (odwn-10-109308974-v)	uitvouwen (eng-30-01579813-v); openvouwen (eng-30-01579813-v); ontvouwen (eng-30-01579813-v)
onbekende (eng-30-10661002-n); vreemdeling (eng-30-10661002-n); vreemde (eng-30-10661002-n)	bekende (eng-30-09763784-n); vriendje (eng-30-09763784-n); maatje (eng-30-09763784-n); vriendin (eng-30-09763784-n); bekendheid (eng-30-09763784-n); vriend (eng-30-09763784-n); kennis (eng-30-09763784-n); vriendinnetje (eng-30-09763784-n)
populariteit (eng-30-04808639-n)	impopulariteit (eng-30-04809089-n)
vasteland (eng-30-09346120-n)	eiland (eng-30-09316454-n); enclave (eng-30-09316454-n)
omgaan (eng-30-02072849-v); verglijden (eng-30-02072849-v); vervlieden (eng-30-02072849-v); verlopen (eng-30-02072849-v); vlieden (eng-30-02072849-v); verstrijken (eng-30-02072849-v); voorbijgaan (eng-30-02072849-v)	blijven (eng-30-02731024-v)
burger (odwn-10-107176102-n)	militair (eng-30-10582746-n); krijgsman (eng-30-10582746-n)
uitstappen (odwn-10-100392151-v)	opstappen (eng-30-02015384-v)
aanvaarden (odwn-10-109692310-v)	weigeren (eng-30-02237338-v); afwijzen (eng-30-02237338-v)
babbelen (odwn-10-107936840-v)	stilvallen (eng-30-00461354-v); stilzwijgen (eng-30-00461354-v); zwijgen (eng-30-00461354-v)
dichtklappen (odwn-10-101249037-v)	uitklappen (eng-30-01346003-v)
krentenweger (odwn-10-103254339-n)	uitgever (eng-30-10635460-n)
bekwaamheid (eng-30-05200169-n); vermogen (eng-30-05200169-n); kunnen (eng-30-05200169-n); begaafdheid (eng-30-05200169-n); macht (eng-30-05200169-n); potentie (eng-30-05200169-n); talent (eng-30-05200169-n); geschiktheid (eng-30-05200169-n); vaardigheid (eng-30-05200169-n)	onvermogen (eng-30-05207130-n); insolvabiliteit (eng-30-05207130-n)
prosperiteit (eng-30-14474052-n); welvaren (eng-30-14474052-n); voorspoed (eng-30-14474052-n); welstand (eng-30-14474052-n); welvarendheid (eng-30-14474052-n)	pech (eng-30-14475661-n); tegenslag (eng-30-14475661-n); wanbof (eng-30-14475661-n); malheur (eng-30-14475661-n); tegenspoed (eng-30-14475661-n)
hoogachting (odwn-10-105015447-n)	geringschatting (eng-30-06715927-n); minachting (eng-30-06715927-n); verachting (eng-30-06715927-n); dédain (eng-30-06715927-n); laatdunkendheid (eng-30-06715927-n); depreciatie (eng-30-06715927-n)
lot (eng-30-11418460-n); zwijn (eng-30-11418460-n); geluk (eng-30-11418460-n); mazzel (eng-30-11418460-n); bof (eng-30-11418460-n); zwijntje (eng-30-11418460-n); fortuin (eng-30-11418460-n)	kanker (eng-30-14475405-n); pech (eng-30-14475405-n); onheil (eng-30-14475405-n); ongeluk (eng-30-14475405-n); euvel (eng-30-14475405-n); kwaad (eng-30-14475405-n); rampspoed (eng-30-14475405-n)
credit (odwn-10-107694427-n)	credit (eng-30-13378518-n); krediet (eng-30-13378518-n)
vervolgen (odwn-10-108656275-v)	verdedigen (eng-30-00895304-v); behandelen (eng-30-00895304-v); pleiten (eng-30-00895304-v)
aannemen (odwn-10-109030905-v)	weigeren (eng-30-02237338-v); afwijzen (eng-30-02237338-v)
oningewijde (eng-30-10250527-n); leek (eng-30-10250527-n)	expert (eng-30-09617867-n); deskundoloog (eng-30-09617867-n); deskundige (eng-30-09617867-n); specialist (eng-30-09617867-n); autoriteit (eng-30-09617867-n); rot (eng-30-09617867-n); kenner (eng-30-09617867-n); connaisseur (eng-30-09617867-n)
tonaliteit (eng-30-06863751-n)	atonaliteit (eng-30-06864014-n)
curve (eng-30-13876371-n)	helix (eng-30-03065424-n); schroef (eng-30-03065424-n); krul (eng-30-03065424-n); spiraal (eng-30-03065424-n); spiraallijn (eng-30-03065424-n); schroeflijn (eng-30-03065424-n)
openzetten (eng-30-01348705-v); openmaken (eng-30-01348705-v); ontgrendelen (eng-30-01348705-v); openen (eng-30-01348705-v); opendoen (eng-30-01348705-v); ontsluiten (eng-30-01348705-v)	dichten (eng-30-01345109-v); dichtmaken (eng-30-01345109-v); sluiten (eng-30-01345109-v); toedoen (eng-30-01345109-v); dichtdoen (eng-30-01345109-v)
vrezen (eng-30-01780202-v); opkijken (eng-30-01780202-v); bang zijn (eng-30-01780202-v); duchten (eng-30-01780202-v); schrik hebben (eng-30-01780202-v); opzien (eng-30-01780202-v); aanhikken (eng-30-01780202-v); schrik hebben van (eng-30-01780202-v)	uitkijken (odwn-10-105918466-v)
ongeduld (eng-30-14407283-n)	geduld (odwn-10-103009712-n)
beer (odwn-10-107815316-n)	schuldenaar (eng-30-09997622-n); lener (eng-30-09997622-n); gedelegeerde (eng-30-09997622-n); debiteur (eng-30-09997622-n)
leven (eng-30-02614181-v); voortbestaan (eng-30-02614181-v); verderleven (eng-30-02614181-v); existeren (eng-30-02614181-v); overleven (eng-30-02614181-v); bestaan (eng-30-02614181-v)	de pijp aan Maarten geven (eng-30-00358431-v); creperen (eng-30-00358431-v); kapotgaan (eng-30-00358431-v); inslapen (eng-30-00358431-v); sterven (eng-30-00358431-v); verscheiden (eng-30-00358431-v); omkomen (eng-30-00358431-v); heengaan (eng-30-00358431-v); doodgaan (eng-30-00358431-v); vergaan (eng-30-00358431-v); expireren (eng-30-00358431-v); peigeren (eng-30-00358431-v); insluimeren (eng-30-00358431-v); verrekken (eng-30-00358431-v); versmachten (eng-30-00358431-v); ontslapen (eng-30-00358431-v); overlijden (eng-30-00358431-v)
input (eng-30-06510478-n); invoer_bestand (eng-30-06510478-n); invoer (eng-30-06510478-n); invoering (eng-30-06510478-n)	uitvoer (odwn-10-103651901-n)
uitvoer (odwn-10-103651901-n)	input (eng-30-06510478-n); invoer_bestand (eng-30-06510478-n); invoer (eng-30-06510478-n); invoering (eng-30-06510478-n)
bezorgdheid (eng-30-07524529-n); verontrusting (eng-30-07524529-n); ongerustheid (eng-30-07524529-n); zorg (eng-30-07524529-n)	zorgeloosheid (eng-30-07530866-n); onverschilligheid (eng-30-07530866-n); luchthartigheid (eng-30-07530866-n); onbezorgdheid (eng-30-07530866-n)
boodschappen (eng-30-00873682-v); berichten (eng-30-00873682-v); verwittigen (eng-30-00873682-v); mededelen (eng-30-00873682-v)	aanraden (eng-30-00875141-v); raden (eng-30-00875141-v); pleiten (eng-30-00875141-v); adviseren (eng-30-00875141-v)
arbeidskracht (eng-30-09632518-n); arbeider (eng-30-09632518-n); werknemer (eng-30-09632518-n); loontrekker (eng-30-09632518-n); werkkracht (eng-30-09632518-n); kracht (eng-30-09632518-n)	werkgever (eng-30-10054657-n)
tegoed (odwn-10-107265505-n)	credit (eng-30-13378518-n); krediet (eng-30-13378518-n)
aanwezigheid (eng-30-13957601-n); tegenwoordigheid (eng-30-13957601-n); bijzijn (eng-30-13957601-n); presentie (eng-30-13957601-n)	afwezigheid (odwn-10-101000990-n)
verharden (eng-30-00443116-v); harden (eng-30-00443116-v)	weken (odwn-10-109264135-v)
dubbelspel (odwn-10-103474753-n)	single (eng-30-00483313-n); enkelspel (eng-30-00483313-n)
klimmen (eng-30-00155143-v); oplopen (eng-30-00155143-v); stijgen (eng-30-00155143-v)	dalen (odwn-10-102565187-v)
kwebbelen (odwn-10-107249598-v)	stilvallen (eng-30-00461354-v); stilzwijgen (eng-30-00461354-v); zwijgen (eng-30-00461354-v)
verwerken (eng-30-00723545-v); verdisconteren (eng-30-00723545-v); rekening houden (eng-30-00723545-v)	skippen (eng-30-00614999-v); weglaten (eng-30-00614999-v); verwaarlozen (eng-30-00614999-v); overslaan (eng-30-00614999-v); overspringen (eng-30-00614999-v)
ontgaan (eng-30-02723232-v)	volgen (eng-30-00588888-v); snappen (eng-30-00588888-v); vatten (eng-30-00588888-v); verstaan (eng-30-00588888-v); weten (eng-30-00588888-v); doorzien (eng-30-00588888-v); bevatten (eng-30-00588888-v); doorhebben (eng-30-00588888-v); begrijpen (eng-30-00588888-v)
valsheid (eng-30-13960464-n); dubbelhartigheid (eng-30-13960464-n)	authenticiteit (eng-30-04783247-n); echtheid (eng-30-04783247-n); originaliteit (eng-30-04783247-n)
militair (eng-30-10582746-n); krijgsman (eng-30-10582746-n)	burger (odwn-10-109445819-n)
klessebessen (odwn-10-105584280-v)	stilvallen (eng-30-00461354-v); stilzwijgen (eng-30-00461354-v); zwijgen (eng-30-00461354-v)
verzetten (eng-30-01116585-v); vechten (eng-30-01116585-v); verweren (eng-30-01116585-v); weren (eng-30-01116585-v); keren (eng-30-01116585-v); roeren (eng-30-01116585-v); kanten (eng-30-01116585-v)	toegeven (eng-30-00435103-v)
afslaan (eng-30-00434374-v); het laten afweten (eng-30-00434374-v); afspringen (eng-30-00434374-v); overlijden (eng-30-00434374-v)	lopen (odwn-10-100466000-v)
weigeren (eng-30-02237338-v); afwijzen (eng-30-02237338-v)	aannemen (odwn-10-109030905-v)
tevredenheid (eng-30-07531255-n); voldoening (eng-30-07531255-n); vergenoegdheid (eng-30-07531255-n)	onbehaaglijkheid (eng-30-07538965-n); misnoegen (eng-30-07538965-n); onvrede (eng-30-07538965-n); mishagen (eng-30-07538965-n); ontevredenheid (eng-30-07538965-n); onbehagen (eng-30-07538965-n); ongenoegen (eng-30-07538965-n)
uithalen (eng-30-01400044-v); een opduvel geven (eng-30-01400044-v); kloppen (eng-30-01400044-v); treffen (eng-30-01400044-v); raken (eng-30-01400044-v); kletsen (eng-30-01400044-v); slaan (eng-30-01400044-v)	missen (eng-30-01237901-v)
ontsteken (eng-30-02759614-v); aansteken (eng-30-02759614-v)	uitdoven (eng-30-00352419-v); uitgaan (eng-30-00352419-v); doven (eng-30-00352419-v)
stijgen (odwn-10-106969472-v)	afdalen (eng-30-01970826-v); dalen (eng-30-01970826-v); zakken (eng-30-01970826-v)
schenden (eng-30-00258857-v); beschadigen (eng-30-00258857-v); havenen (eng-30-00258857-v)	repareren (eng-30-00260648-v); herstellen (eng-30-00260648-v); verstellen (eng-30-00260648-v); maken (eng-30-00260648-v); lijmen (eng-30-00260648-v); redresseren (eng-30-00260648-v); verbeteren (eng-30-00260648-v); lappen (eng-30-00260648-v)
expert (eng-30-09617867-n); deskundoloog (eng-30-09617867-n); deskundige (eng-30-09617867-n); specialist (eng-30-09617867-n); autoriteit (eng-30-09617867-n); rot (eng-30-09617867-n); kenner (eng-30-09617867-n); connaisseur (eng-30-09617867-n)	oningewijde (eng-30-10250527-n); leek (eng-30-10250527-n)
pech (eng-30-14475661-n); tegenslag (eng-30-14475661-n); wanbof (eng-30-14475661-n); malheur (eng-30-14475661-n); tegenspoed (eng-30-14475661-n)	prosperiteit (eng-30-14474052-n); welvaren (eng-30-14474052-n); voorspoed (eng-30-14474052-n); welstand (eng-30-14474052-n); welvarendheid (eng-30-14474052-n)
gelukken (eng-30-02524171-v); lukken (eng-30-02524171-v); gaan (eng-30-02524171-v); slagen (eng-30-02524171-v)	floppen (eng-30-02528380-v); mislukken (eng-30-02528380-v); falen (eng-30-02528380-v); misgaan (eng-30-02528380-v); scheeflopen (eng-30-02528380-v); knallen (eng-30-02528380-v); mislopen (eng-30-02528380-v)
stilstand (eng-30-14012501-n)	beweging (eng-30-00331950-n)
krentenkakker (odwn-10-109615464-n)	uitgever (eng-30-10635625-n)
beweging (eng-30-00331950-n)	stilstand (eng-30-14012501-n)
afdekken (odwn-10-105550925-v)	omsluieren (eng-30-01332730-v); bedekken (eng-30-01332730-v)
gebrek hebben (eng-30-02632353-v); ontbreken (eng-30-02632353-v); missen (eng-30-02632353-v); schorten (eng-30-02632353-v); mankeren (eng-30-02632353-v)	zijn (eng-30-02655135-v); ophouden (eng-30-02655135-v); bevinden (eng-30-02655135-v); zitten (eng-30-02655135-v); uithangen (eng-30-02655135-v); pozen (eng-30-02655135-v); toeven (eng-30-02655135-v); verkeren (eng-30-02655135-v); verwijlen (eng-30-02655135-v); wezen (eng-30-02655135-v); vertoeven (eng-30-02655135-v)
waarschijnlijkheid (eng-30-04756172-n)	onwaarschijnlijkheid (eng-30-04758452-n)
concentratie (eng-30-05702275-n); aandacht (eng-30-05702275-n); attentie (eng-30-05702275-n); oplettendheid (eng-30-05702275-n); opmerkzaamheid (eng-30-05702275-n); aandachtigheid (eng-30-05702275-n)	afwezigheid (eng-30-05701209-n)
bewustzijn (odwn-10-108308467-n)	bewusteloosheid (eng-30-05678932-n)
meevallen (odwn-10-102125680-v)	tegenvallen (eng-30-01799484-v); afvallen (eng-30-01799484-v)
afslaan (eng-30-00434374-v); het laten afweten (eng-30-00434374-v); afspringen (eng-30-00434374-v); overlijden (eng-30-00434374-v)	draaien (odwn-10-101058396-v)
indolentie (eng-30-07483622-n); lusteloosheid (eng-30-07483622-n); lamlendigheid (eng-30-07483622-n); matheid (eng-30-07483622-n); apathie (eng-30-07483622-n); futloosheid (eng-30-07483622-n); landerigheid (eng-30-07483622-n)	zucht (eng-30-07485475-n); koorts (eng-30-07485475-n); dorst (eng-30-07485475-n); honger (eng-30-07485475-n); begeerte (eng-30-07485475-n)
stilvallen (eng-30-00461354-v); stilzwijgen (eng-30-00461354-v); zwijgen (eng-30-00461354-v)	mededelen (eng-30-00952524-v); waarschuwen (eng-30-00952524-v); meedelen (eng-30-00952524-v)
ondervraging (eng-30-07193184-n); vraag (eng-30-07193184-n)	beantwoording (eng-30-07200527-n); antwoord (eng-30-07200527-n)
aanklagen (odwn-10-102939497-v)	verdedigen (eng-30-00895304-v); behandelen (eng-30-00895304-v); pleiten (eng-30-00895304-v)
lelijkheid (eng-30-04690196-n)	schone (eng-30-04683814-n); prachtexemplaar (eng-30-04683814-n); juweeltje (eng-30-04683814-n); beauty (eng-30-04683814-n); schoonheid (eng-30-04683814-n)
knibbelaar (odwn-10-106405024-n)	uitgever (eng-30-10635460-n)
beroeren (eng-30-01205696-v); toucheren (eng-30-01205696-v); afspreken (eng-30-01205696-v); ontmoeten (eng-30-01205696-v); aanraken (eng-30-01205696-v); raken (eng-30-01205696-v)	afblijven (odwn-10-107817872-v)
insolvabiliteit (eng-30-05644922-n); onvermogen (eng-30-05644922-n)	kunnen (eng-30-05616246-n); potentie (eng-30-05616246-n); macht (eng-30-05616246-n)
onvermogen (eng-30-05207130-n); insolvabiliteit (eng-30-05207130-n)	kunnen (eng-30-05616246-n); potentie (eng-30-05616246-n); macht (eng-30-05616246-n)
intoxicatie (eng-30-14018567-n); zatheid (eng-30-14018567-n); dronkenschap (eng-30-14018567-n)	nuchterheid (eng-30-14019138-n)
macrocefalie (eng-30-14508974-n)	microcefalie (eng-30-14509299-n)
spannen (odwn-10-107579054-v)	ontspannen (eng-30-00025654-v)
kakelen (odwn-10-101418718-v)	stilvallen (eng-30-00461354-v); stilzwijgen (eng-30-00461354-v); zwijgen (eng-30-00461354-v)
laden (eng-30-01488956-v)	uitladen (eng-30-01489465-v); lossen (eng-30-01489465-v); ontladen (eng-30-01489465-v)
in de echt verbinden (eng-30-02488834-v); trouwen (eng-30-02488834-v); zich in de echt verbinden (eng-30-02488834-v); huwen (eng-30-02488834-v)	delen (eng-30-01458973-v); scheiden (eng-30-01458973-v); splitsen (eng-30-01458973-v)
stilvallen (eng-30-00461354-v); stilzwijgen (eng-30-00461354-v); zwijgen (eng-30-00461354-v)	kouten (odwn-10-104222879-v)
laden (eng-30-01488956-v)	ontladen (eng-30-01489332-v); uitladen (eng-30-01489332-v); lossen (eng-30-01489332-v)
kneus (eng-30-10273064-n); mislukkeling (eng-30-10273064-n); kneusje (eng-30-10273064-n); schlemiel (eng-30-10273064-n); pechvogel (eng-30-10273064-n); loser (eng-30-10273064-n); wanboffer (eng-30-10273064-n); verliezer (eng-30-10273064-n)	geluksvogel (odwn-10-103007984-n)
uitgever (eng-30-10635625-n)	schraper (odwn-10-109265014-n)
geven (eng-30-02199590-v)	vastgrijpen (eng-30-01212572-v); vastpakken (eng-30-01212572-v); beetkrijgen (eng-30-01212572-v); vatten (eng-30-01212572-v); grijpen (eng-30-01212572-v); beetpakken (eng-30-01212572-v)
verbreden (eng-30-00303661-v)	vernauwen (eng-30-00305109-v); versmallen (eng-30-00305109-v)
kleden (eng-30-00047945-v); aankleden (eng-30-00047945-v)	ontkleden (odwn-10-105816441-v)
scheiden (eng-30-02490634-v)	in de echt verbinden (eng-30-02488834-v); trouwen (eng-30-02488834-v); zich in de echt verbinden (eng-30-02488834-v); huwen (eng-30-02488834-v)
centralisatie (eng-30-01237872-n)	decentralisatie (eng-30-01238058-n)
drukte (eng-30-08182379-n)	rust (eng-30-13969101-n); otium (eng-30-13969101-n)
vervelen (eng-30-01821884-v)	fascineren (eng-30-02678839-v); intrigeren (eng-30-02678839-v); boeien (eng-30-02678839-v); pakken (eng-30-02678839-v); biologeren (eng-30-02678839-v)
schrijven (eng-30-01691057-v)	inlezen (odwn-10-104989681-v)
gierigaard (odwn-10-106587899-n)	uitgever (eng-30-10635460-n)
landtong (odwn-10-107235084-n)	inham (eng-30-09215664-n)
denken (eng-30-00609683-v); gedenken (eng-30-00609683-v)	vergeten (eng-30-00610167-v)
sterkte (eng-30-05099796-n)	slapte (eng-30-05113133-n)
blokkeren (odwn-10-105829599-v)	deblokkeren (eng-30-00181664-v)
input (eng-30-06510478-n); invoer_bestand (eng-30-06510478-n); invoer (eng-30-06510478-n); invoering (eng-30-06510478-n)	output (odwn-10-106407272-n)
wegdoen (odwn-10-109841984-v)	bewaren (eng-30-02202384-v); behouden (eng-30-02202384-v); handhaven (eng-30-02202384-v); houden (eng-30-02202384-v)
arme (odwn-10-100527658-n)	rijke (eng-30-10529231-n); miljonair (eng-30-10529231-n)
osteoporose (eng-30-14210354-n); botontkalking (eng-30-14210354-n); ontkalking (eng-30-14210354-n)	verkalking (eng-30-14364980-n); calcinatie (eng-30-14364980-n); calcificatie (eng-30-14364980-n)
schraper (odwn-10-109265014-n)	uitgever (eng-30-10635625-n)
afwezigheid (eng-30-05701209-n)	concentratie (eng-30-05702275-n); aandacht (eng-30-05702275-n); attentie (eng-30-05702275-n); oplettendheid (eng-30-05702275-n); opmerkzaamheid (eng-30-05702275-n); aandachtigheid (eng-30-05702275-n)
nuchterheid (eng-30-14019138-n)	intoxicatie (eng-30-14018567-n); zatheid (eng-30-14018567-n); dronkenschap (eng-30-14018567-n)
werkgever (eng-30-10054657-n)	arbeidskracht (eng-30-09632518-n); arbeider (eng-30-09632518-n); werknemer (eng-30-09632518-n); loontrekker (eng-30-09632518-n); werkkracht (eng-30-09632518-n); kracht (eng-30-09632518-n)
ontslaan (eng-30-02402825-v); wippen (eng-30-02402825-v)	aanstellen (eng-30-02396205-v); maken (eng-30-02396205-v); aanwijzen (eng-30-02396205-v); designeren (eng-30-02396205-v); benoemen (eng-30-02396205-v)
verkalking (eng-30-14364980-n); calcinatie (eng-30-14364980-n); calcificatie (eng-30-14364980-n)	osteoporose (eng-30-14210354-n); botontkalking (eng-30-14210354-n); ontkalking (eng-30-14210354-n)
ontsluiten (eng-30-01346804-v); opengaan (eng-30-01346804-v); openen (eng-30-01346804-v)	sluiten (eng-30-01346978-v); dichtgaan (eng-30-01346978-v)
verdedigen (eng-30-00895304-v); behandelen (eng-30-00895304-v); pleiten (eng-30-00895304-v)	aanklagen (odwn-10-102939497-v)
uitgever (eng-30-10635625-n)	krent (odwn-10-100543003-n)
voorgrond (eng-30-05934278-n)	toneel (eng-30-05933834-n); achtergrond (eng-30-05933834-n); background (eng-30-05933834-n)
vrezen (eng-30-01780202-v); opkijken (eng-30-01780202-v); bang zijn (eng-30-01780202-v); duchten (eng-30-01780202-v); schrik hebben (eng-30-01780202-v); opzien (eng-30-01780202-v); aanhikken (eng-30-01780202-v); schrik hebben van (eng-30-01780202-v)	uitzien (odwn-10-101810497-v)
schuldenaar (eng-30-09997622-n); lener (eng-30-09997622-n); gedelegeerde (eng-30-09997622-n); debiteur (eng-30-09997622-n)	crediteur (odwn-10-100230712-n)
immigreren (eng-30-00413432-v)	emigreren (odwn-10-105529873-v)
rijke (eng-30-10529231-n); miljonair (eng-30-10529231-n)	pauper (odwn-10-105522135-n)
kunnen (eng-30-05616246-n); potentie (eng-30-05616246-n); macht (eng-30-05616246-n)	insolvabiliteit (eng-30-05644922-n); onvermogen (eng-30-05644922-n)
krentenkakker (odwn-10-109615464-n)	uitgever (eng-30-10635460-n)
uitgever (eng-30-10635625-n)	krentenweger (odwn-10-103254339-n)
egoïsme (eng-30-04835028-n); zelfzucht (eng-30-04835028-n); egocentrisme (eng-30-04835028-n); ikzucht (eng-30-04835028-n)	altruïsme (eng-30-04833276-n); edelmoedigheid (eng-30-04833276-n); onbaatzuchtigheid (eng-30-04833276-n); groothartigheid (eng-30-04833276-n); onzelfzuchtigheid (eng-30-04833276-n); grootmoedigheid (eng-30-04833276-n)
overwinnaar (eng-30-10752930-n); winnaar (eng-30-10752930-n); triomfator (eng-30-10752930-n); winner (eng-30-10752930-n)	kneus (eng-30-10273064-n); mislukkeling (eng-30-10273064-n); kneusje (eng-30-10273064-n); schlemiel (eng-30-10273064-n); pechvogel (eng-30-10273064-n); loser (eng-30-10273064-n); wanboffer (eng-30-10273064-n); verliezer (eng-30-10273064-n)
dissimilatie (eng-30-13467443-n)	assimilatie (eng-30-13434537-n)
militair (eng-30-10582746-n); krijgsman (eng-30-10582746-n)	burger (odwn-10-107176102-n)
kneus (eng-30-10273064-n); mislukkeling (eng-30-10273064-n); kneusje (eng-30-10273064-n); schlemiel (eng-30-10273064-n); pechvogel (eng-30-10273064-n); loser (eng-30-10273064-n); wanboffer (eng-30-10273064-n); verliezer (eng-30-10273064-n)	overwinnaar (eng-30-10752930-n); winnaar (eng-30-10752930-n); triomfator (eng-30-10752930-n); winner (eng-30-10752930-n)
uitgever (eng-30-10635460-n)	krent (odwn-10-100543003-n)
schuld (eng-30-13990675-n); schuldig (eng-30-13990675-n); schuldgevoel (eng-30-13990675-n)	propriëteit (eng-30-00032613-n); possessie (eng-30-00032613-n); bezit (eng-30-00032613-n); have (eng-30-00032613-n); boeltje (eng-30-00032613-n); goed (eng-30-00032613-n)
bewaren (eng-30-02202384-v); behouden (eng-30-02202384-v); handhaven (eng-30-02202384-v); houden (eng-30-02202384-v)	wegdoen (odwn-10-109841984-v)
afkorten (eng-30-00316768-v); abbreviëren (eng-30-00316768-v); verkorten (eng-30-00316768-v)	prolongeren (eng-30-00317888-v); uitbreiden (eng-30-00317888-v); rekken (eng-30-00317888-v); aanhouden (eng-30-00317888-v); schetsen (eng-30-00317888-v); verlengen (eng-30-00317888-v); op schaal tekenen (eng-30-00317888-v)
aanstellen (eng-30-02396205-v); maken (eng-30-02396205-v); aanwijzen (eng-30-02396205-v); designeren (eng-30-02396205-v); benoemen (eng-30-02396205-v)	ontslaan (eng-30-02402825-v); wippen (eng-30-02402825-v)
schuldenaar (eng-30-09997622-n); lener (eng-30-09997622-n); gedelegeerde (eng-30-09997622-n); debiteur (eng-30-09997622-n)	schuldeiser (odwn-10-102039835-n)
credit (eng-30-13378518-n); krediet (eng-30-13378518-n)	credit (odwn-10-107694427-n)
uitgever (eng-30-10635460-n)	krentenweger (odwn-10-103254339-n)
emigreren (odwn-10-105529873-v)	immigreren (eng-30-00415967-v)
obscuriteit (eng-30-04823416-n); onduidelijkheid (eng-30-04823416-n)	helderheid (eng-30-04820258-n); duidelijkheid (eng-30-04820258-n); klaarheid (eng-30-04820258-n)
zekerheid (eng-30-14538472-n); veiligheid (eng-30-14538472-n)	onveiligheid (eng-30-14540765-n); perikel (eng-30-14540765-n); gevaar (eng-30-14540765-n); dreiging (eng-30-14540765-n); onraad (eng-30-14540765-n)
neergang (eng-30-13460299-n); verloop (eng-30-13460299-n); teruggang (eng-30-13460299-n); achteruitgang (eng-30-13460299-n)	vordering (eng-30-00249501-n); vooruitgang (eng-30-00249501-n); continuïteit (eng-30-00249501-n); voortgang (eng-30-00249501-n); progressie (eng-30-00249501-n); vorderingen (eng-30-00249501-n)
gelukken (eng-30-02524171-v); lukken (eng-30-02524171-v); gaan (eng-30-02524171-v); slagen (eng-30-02524171-v)	stukgaan (odwn-10-102506654-v)
tegenvallen (eng-30-01799484-v); afvallen (eng-30-01799484-v)	meevallen (odwn-10-102125680-v)
aanwas (eng-30-13497135-n); vermeerdering (eng-30-13497135-n); accres (eng-30-13497135-n); increment (eng-30-13497135-n); stijging (eng-30-13497135-n); toename (eng-30-13497135-n)	verlaging (eng-30-00351638-n); afname (eng-30-00351638-n); aftreden (eng-30-00351638-n); afneming (eng-30-00351638-n); reductie (eng-30-00351638-n); daling (eng-30-00351638-n); vermindering (eng-30-00351638-n); mindering (eng-30-00351638-n)
vertragen (eng-30-00439958-v)	verhaasten (eng-30-00438178-v); versnellen (eng-30-00438178-v)
vervelen (odwn-10-107933370-v)	vermaken (eng-30-02492362-v); verstrooien (eng-30-02492362-v); diverteren (eng-30-02492362-v); amuseren (eng-30-02492362-v); onderhouden (eng-30-02492362-v); entertainen (eng-30-02492362-v)
prolongeren (eng-30-00317888-v); uitbreiden (eng-30-00317888-v); rekken (eng-30-00317888-v); aanhouden (eng-30-00317888-v); schetsen (eng-30-00317888-v); verlengen (eng-30-00317888-v); op schaal tekenen (eng-30-00317888-v)	afkorten (eng-30-00316768-v); abbreviëren (eng-30-00316768-v); verkorten (eng-30-00316768-v)
pieken (eng-30-02713372-v); springen (eng-30-02713372-v); uitspringen (eng-30-02713372-v); uitsteken (eng-30-02713372-v); uitstaan (eng-30-02713372-v)	terugspringen (odwn-10-106026380-v)
verpachten (eng-30-02208903-v)	huren (eng-30-02208537-v)
Aline (eng-30-00464321-v); op één lijn brengen (eng-30-00464321-v); op één lijn zetten (eng-30-00464321-v); uitlijnen (eng-30-00464321-v)	scheeftrekken (odwn-10-107633229-v)
stilvallen (eng-30-00461354-v); stilzwijgen (eng-30-00461354-v); zwijgen (eng-30-00461354-v)	snateren (odwn-10-101477228-v)
inham (eng-30-09215664-n)	nes (odwn-10-108847740-n)
kleppen (odwn-10-101342913-v)	stilvallen (eng-30-00461354-v); stilzwijgen (eng-30-00461354-v); zwijgen (eng-30-00461354-v)
verliezen (eng-30-01099592-v)	draw (eng-30-01115190-v); gelijkspelen (eng-30-01115190-v); puntendeling (eng-30-01115190-v); gelijkspel (eng-30-01115190-v)
aanspreken (eng-30-01807882-v); bevallen (eng-30-01807882-v); appeleren (eng-30-01807882-v); liggen (eng-30-01807882-v); lijken (eng-30-01807882-v); behagen (eng-30-01807882-v); aanstaan (eng-30-01807882-v); zinnen (eng-30-01807882-v)	tegenstaan (eng-30-01808769-v); tegensteken (eng-30-01808769-v)
snappen (odwn-10-101832647-v)	stilvallen (eng-30-00461354-v); stilzwijgen (eng-30-00461354-v); zwijgen (eng-30-00461354-v)
onheil (eng-30-07304852-n); ongeluk (eng-30-07304852-n); tegenslag (eng-30-07304852-n); kanker (eng-30-07304852-n); pech (eng-30-07304852-n); rampspoed (eng-30-07304852-n); kwaad (eng-30-07304852-n); euvel (eng-30-07304852-n)	lot (eng-30-11418460-n); zwijn (eng-30-11418460-n); geluk (eng-30-11418460-n); mazzel (eng-30-11418460-n); bof (eng-30-11418460-n); zwijntje (eng-30-11418460-n); fortuin (eng-30-11418460-n)
continueren (eng-30-02679899-v); voortgaan (eng-30-02679899-v); doorgaan (eng-30-02679899-v); voortbouwen (eng-30-02679899-v); voortzetten (eng-30-02679899-v); overgaan (eng-30-02679899-v); vervolgen (eng-30-02679899-v); staande houden (eng-30-02679899-v); blijven (eng-30-02679899-v)	aanzetten (eng-30-00345761-v); starten (eng-30-00345761-v); aangaan (eng-30-00345761-v); inzetten (eng-30-00345761-v); aanvangen (eng-30-00345761-v); beginnen (eng-30-00345761-v)
aantrekken (odwn-10-105469086-v)	ontkleden (eng-30-00049900-v); uitpakken (eng-30-00049900-v); uittrekken (eng-30-00049900-v); uitkleden (eng-30-00049900-v)
geluksvogel (odwn-10-103007984-n)	kneus (eng-30-10273064-n); mislukkeling (eng-30-10273064-n); kneusje (eng-30-10273064-n); schlemiel (eng-30-10273064-n); pechvogel (eng-30-10273064-n); loser (eng-30-10273064-n); wanboffer (eng-30-10273064-n); verliezer (eng-30-10273064-n)
vernauwing (eng-30-13518563-n)	verwijding (eng-30-00365995-n)
schraper (odwn-10-109265014-n)	uitgever (eng-30-10635460-n)
invoerder (eng-30-10201366-n); importeur (eng-30-10201366-n)	exporteur (odwn-10-106748554-n)
weken (odwn-10-109264135-v)	verharden (eng-30-00443116-v); harden (eng-30-00443116-v)
bevruchten (eng-30-00053159-v)	aborteren (eng-30-00059769-v)
onbehaaglijkheid (eng-30-07538965-n); misnoegen (eng-30-07538965-n); onvrede (eng-30-07538965-n); mishagen (eng-30-07538965-n); ontevredenheid (eng-30-07538965-n); onbehagen (eng-30-07538965-n); ongenoegen (eng-30-07538965-n)	tevredenheid (eng-30-13986679-n); voldoening (eng-30-13986679-n); vergenoegdheid (eng-30-13986679-n)
vordering (eng-30-00249501-n); vooruitgang (eng-30-00249501-n); continuïteit (eng-30-00249501-n); voortgang (eng-30-00249501-n); progressie (eng-30-00249501-n); vorderingen (eng-30-00249501-n)	neergang (eng-30-13460299-n); verloop (eng-30-13460299-n); teruggang (eng-30-13460299-n); achteruitgang (eng-30-13460299-n)
uitgever (eng-30-10635460-n)	knibbelaar (odwn-10-106405024-n)
reactie (eng-30-00859001-n)	gang (eng-30-00030358-n); doen (eng-30-00030358-n); actie (eng-30-00030358-n); handeling (eng-30-00030358-n); verrichten (eng-30-00030358-n); verrichting (eng-30-00030358-n)
wegdoen (eng-30-00173338-v); verwijderen (eng-30-00173338-v); weghalen (eng-30-00173338-v); pinnen (eng-30-00173338-v); wegnemen (eng-30-00173338-v)	politiseren (odwn-10-104081448-v)
tateren (odwn-10-104279701-v)	stilvallen (eng-30-00461354-v); stilzwijgen (eng-30-00461354-v); zwijgen (eng-30-00461354-v)
stilvallen (eng-30-00461354-v); stilzwijgen (eng-30-00461354-v); zwijgen (eng-30-00461354-v)	ratelen (odwn-10-106711262-v)
stilleggen (eng-30-02609764-v); eindigen (eng-30-02609764-v); stoppen (eng-30-02609764-v); uitscheiden (eng-30-02609764-v); nokken (eng-30-02609764-v); ophouden (eng-30-02609764-v)	aanzetten (eng-30-00345761-v); starten (eng-30-00345761-v); aangaan (eng-30-00345761-v); inzetten (eng-30-00345761-v); aanvangen (eng-30-00345761-v); beginnen (eng-30-00345761-v)
lopen (odwn-10-100466000-v)	afslaan (eng-30-00434374-v); het laten afweten (eng-30-00434374-v); afspringen (eng-30-00434374-v); overlijden (eng-30-00434374-v)
gebruiksgoederen (eng-30-03257877-n)	consumptie-artikelen (eng-30-03093574-n); verbruiksgoederen (eng-30-03093574-n); consumptiegoederen (eng-30-03093574-n)
bijhouden (eng-30-02681795-v); aanhouden (eng-30-02681795-v); houden (eng-30-02681795-v)	omzetten (eng-30-00126264-v); changeren (eng-30-00126264-v); altereren (eng-30-00126264-v); wijzigen (eng-30-00126264-v); modificeren (eng-30-00126264-v); herscheppen (eng-30-00126264-v); converteren (eng-30-00126264-v); variëren (eng-30-00126264-v); veranderen (eng-30-00126264-v)
snateren (odwn-10-101477228-v)	stilvallen (eng-30-00461354-v); stilzwijgen (eng-30-00461354-v); zwijgen (eng-30-00461354-v)
uitstappen (odwn-10-100392151-v)	opstappen (eng-30-02016523-v); binnengaan (eng-30-02016523-v); binnendringen (eng-30-02016523-v); ingaan (eng-30-02016523-v)
warmen (eng-30-00372958-v); verwarmen (eng-30-00372958-v)	koelen (eng-30-00370412-v); afkoelen (eng-30-00370412-v); verfrissen (eng-30-00370412-v); verkoelen (eng-30-00370412-v); bekoelen (eng-30-00370412-v)
exporteur (odwn-10-106748554-n)	invoerder (eng-30-10201366-n); importeur (eng-30-10201366-n)
basserool (eng-30-10287213-n); man (eng-30-10287213-n); mens (eng-30-10287213-n); klant (eng-30-10287213-n); vent (eng-30-10287213-n); kerel (eng-30-10287213-n); mannetje (eng-30-10287213-n); heer (eng-30-10287213-n); broger (eng-30-10287213-n); jongen (eng-30-10287213-n); manspersoon (eng-30-10287213-n); pik (eng-30-10287213-n); knaap (eng-30-10287213-n); heerschap (eng-30-10287213-n); gast (eng-30-10287213-n); baas (eng-30-10287213-n); meneer (eng-30-10287213-n); pief (eng-30-10287213-n)	vrouw (eng-30-10787470-n); mevrouw (eng-30-10787470-n); juffrouw (eng-30-10787470-n); dame (eng-30-10787470-n); tante (eng-30-10787470-n)
stilvallen (eng-30-00461354-v); stilzwijgen (eng-30-00461354-v); zwijgen (eng-30-00461354-v)	kwekken (odwn-10-105240921-v)
schuldeiser (odwn-10-102039835-n)	schuldenaar (eng-30-09997622-n); lener (eng-30-09997622-n); gedelegeerde (eng-30-09997622-n); debiteur (eng-30-09997622-n)
afwezigheid (odwn-10-101000990-n)	aanwezigheid (eng-30-13957601-n); tegenwoordigheid (eng-30-13957601-n); bijzijn (eng-30-13957601-n); presentie (eng-30-13957601-n)
rijke (eng-30-10529231-n); miljonair (eng-30-10529231-n)	armoedzaaier (odwn-10-103795091-n)
aftuigen (odwn-10-101104633-v)	tuigen (eng-30-00408085-v); optakelen (eng-30-00408085-v); optuigen (eng-30-00408085-v)
dehydreren (eng-30-00218475-v); droogmaken (eng-30-00218475-v); drogen (eng-30-00218475-v); droogleggen (eng-30-00218475-v)	natmaken (eng-30-00214951-v)
helderheid (eng-30-04820258-n); duidelijkheid (eng-30-04820258-n); klaarheid (eng-30-04820258-n)	obscuriteit (eng-30-04823416-n); onduidelijkheid (eng-30-04823416-n)
dooien (eng-30-00376106-v); ontdooien (eng-30-00376106-v)	bevriezen (eng-30-00374135-v); vriezen (eng-30-00374135-v)
ingaan (eng-30-00773432-v); bestrijden (eng-30-00773432-v); aanvallen (eng-30-00773432-v); redetwisten (eng-30-00773432-v); betwisten (eng-30-00773432-v)	verdedigen (eng-30-00895304-v); behandelen (eng-30-00895304-v); pleiten (eng-30-00895304-v)
onderhuis (eng-30-03463381-n); [[eerste]] [[verdieping]] (eng-30-03463381-n); begane grond (eng-30-03463381-n); rez-de-chaussée (eng-30-03463381-n); benedenverdieping (eng-30-03463381-n); bel-etage (eng-30-03463381-n); eerste verdieping (eng-30-03463381-n); benedenhuis (eng-30-03463381-n); beletage (eng-30-03463381-n); benedenwoning (eng-30-03463381-n); parterre (eng-30-03463381-n)	bovenhuis (odwn-10-106032925-n)
opstappen (eng-30-02016523-v); binnengaan (eng-30-02016523-v); binnendringen (eng-30-02016523-v); ingaan (eng-30-02016523-v)	inkomen (odwn-10-105389052-v)
hebben (eng-30-01100145-v); verwinnen (eng-30-01100145-v); winnen (eng-30-01100145-v); pakken (eng-30-01100145-v); overwinnen (eng-30-01100145-v)	draw (eng-30-01115190-v); gelijkspelen (eng-30-01115190-v); puntendeling (eng-30-01115190-v); gelijkspel (eng-30-01115190-v)
woestheid (eng-30-05037813-n)	slapte (eng-30-05113133-n)
atonaliteit (eng-30-06864014-n)	tonaliteit (eng-30-06863751-n)
rust (eng-30-13969101-n); otium (eng-30-13969101-n)	drukte (eng-30-08182379-n)
stukgaan (odwn-10-102506654-v)	gelukken (eng-30-02524171-v); lukken (eng-30-02524171-v); gaan (eng-30-02524171-v); slagen (eng-30-02524171-v)
geringschatting (eng-30-06715927-n); minachting (eng-30-06715927-n); verachting (eng-30-06715927-n); dédain (eng-30-06715927-n); laatdunkendheid (eng-30-06715927-n); depreciatie (eng-30-06715927-n)	hoogachting (odwn-10-105015447-n)
pachten (odwn-10-103818976-v)	verpachten (eng-30-02208903-v)
uitkijken (odwn-10-105918466-v)	vrezen (eng-30-01780202-v); opkijken (eng-30-01780202-v); bang zijn (eng-30-01780202-v); duchten (eng-30-01780202-v); schrik hebben (eng-30-01780202-v); opzien (eng-30-01780202-v); aanhikken (eng-30-01780202-v); schrik hebben van (eng-30-01780202-v)
warmen (eng-30-00371264-v); verwarmen (eng-30-00371264-v)	koelen (eng-30-00370412-v); afkoelen (eng-30-00370412-v); verfrissen (eng-30-00370412-v); verkoelen (eng-30-00370412-v); bekoelen (eng-30-00370412-v)
blijven (eng-30-02731024-v)	omgaan (eng-30-02072849-v); verglijden (eng-30-02072849-v); vervlieden (eng-30-02072849-v); verlopen (eng-30-02072849-v); vlieden (eng-30-02072849-v); verstrijken (eng-30-02072849-v); voorbijgaan (eng-30-02072849-v)
krent (odwn-10-100543003-n)	uitgever (eng-30-10635625-n)
verwijding (eng-30-00365995-n)	vernauwing (eng-30-13518563-n)
uitkleden (odwn-10-108690053-v)	kleden (eng-30-00047945-v); aankleden (eng-30-00047945-v)
kleden (eng-30-00047945-v); aankleden (eng-30-00047945-v)	uitkleden (odwn-10-108690053-v)
stilvallen (eng-30-00461354-v); stilzwijgen (eng-30-00461354-v); zwijgen (eng-30-00461354-v)	snappen (odwn-10-101832647-v)
opstappen (eng-30-02015384-v)	uitstappen (odwn-10-100392151-v)
aanslaan (odwn-10-106740359-v)	afslaan (eng-30-00434374-v); het laten afweten (eng-30-00434374-v); afspringen (eng-30-00434374-v); overlijden (eng-30-00434374-v)
verheugen (odwn-10-104160636-v)	vrezen (eng-30-01780202-v); opkijken (eng-30-01780202-v); bang zijn (eng-30-01780202-v); duchten (eng-30-01780202-v); schrik hebben (eng-30-01780202-v); opzien (eng-30-01780202-v); aanhikken (eng-30-01780202-v); schrik hebben van (eng-30-01780202-v)
ongeldigheid (eng-30-04810510-n); invaliditeit (eng-30-04810510-n); nietigheid (eng-30-04810510-n)	overtuigingskracht (eng-30-04783567-n); validiteit (eng-30-04783567-n); gelding (eng-30-04783567-n); geldigheid (eng-30-04783567-n); overredingskracht (eng-30-04783567-n)
zonsopgang (odwn-10-103584160-n)	zonsondergang (eng-30-07344015-n)
verhaasten (eng-30-00438178-v); versnellen (eng-30-00438178-v)	vertragen (eng-30-00440580-v)
schuldenaar (eng-30-09997622-n); lener (eng-30-09997622-n); gedelegeerde (eng-30-09997622-n); debiteur (eng-30-09997622-n)	beer (odwn-10-107815316-n)
stilvallen (eng-30-00461354-v); stilzwijgen (eng-30-00461354-v); zwijgen (eng-30-00461354-v)	rellen (odwn-10-103028301-v)
opklaren (eng-30-02771169-v)	bewolken (eng-30-02770717-v)
draw (eng-30-01115190-v); gelijkspelen (eng-30-01115190-v); puntendeling (eng-30-01115190-v); gelijkspel (eng-30-01115190-v)	hebben (eng-30-01100145-v); verwinnen (eng-30-01100145-v); winnen (eng-30-01100145-v); pakken (eng-30-01100145-v); overwinnen (eng-30-01100145-v)
slaapzucht (eng-30-14307468-n); narcolepsie (eng-30-14307468-n); lethargie (eng-30-14307468-n); hypnolepsie (eng-30-14307468-n)	slaapstoornis (eng-30-14297696-n)
bekwaamheid (eng-30-05200169-n); vermogen (eng-30-05200169-n); kunnen (eng-30-05200169-n); begaafdheid (eng-30-05200169-n); macht (eng-30-05200169-n); potentie (eng-30-05200169-n); talent (eng-30-05200169-n); geschiktheid (eng-30-05200169-n); vaardigheid (eng-30-05200169-n)	insolvabiliteit (eng-30-05644922-n); onvermogen (eng-30-05644922-n)
verstek (odwn-10-105251351-n)	aanwezigheid (eng-30-13957601-n); tegenwoordigheid (eng-30-13957601-n); bijzijn (eng-30-13957601-n); presentie (eng-30-13957601-n)
spreken (eng-30-00963570-v)	stilvallen (eng-30-00461354-v); stilzwijgen (eng-30-00461354-v); zwijgen (eng-30-00461354-v)
afbinden (odwn-10-101864174-v)	vastbinden (eng-30-01285440-v); aanhechten (eng-30-01285440-v); knevelen (eng-30-01285440-v); binden (eng-30-01285440-v); aanbinden (eng-30-01285440-v); verbinden (eng-30-01285440-v)
kenmerkend (eng-30-04731497-n); eigenschap (eng-30-04731497-n); karakteristiek (eng-30-04731497-n); propriëteit (eng-30-04731497-n); hoedanigheid (eng-30-04731497-n)	geschiedenis (eng-30-00029378-n); gebeurde (eng-30-00029378-n); gebeurtenis (eng-30-00029378-n); ontwikkeling (eng-30-00029378-n)
inactiviteit (eng-30-04636397-n); passiviteit (eng-30-04636397-n); passivisme (eng-30-04636397-n); inertie (eng-30-04636397-n)	werkzaamheid (eng-30-00407535-n); activiteit (eng-30-00407535-n); werkzaamheden (eng-30-00407535-n); bezigheid (eng-30-00407535-n)
aanraden (eng-30-00875141-v); raden (eng-30-00875141-v); pleiten (eng-30-00875141-v); adviseren (eng-30-00875141-v)	boodschappen (eng-30-00873682-v); berichten (eng-30-00873682-v); verwittigen (eng-30-00873682-v); mededelen (eng-30-00873682-v)
onderhuis (eng-30-03463381-n); [[eerste]] [[verdieping]] (eng-30-03463381-n); begane grond (eng-30-03463381-n); rez-de-chaussée (eng-30-03463381-n); benedenverdieping (eng-30-03463381-n); bel-etage (eng-30-03463381-n); eerste verdieping (eng-30-03463381-n); benedenhuis (eng-30-03463381-n); beletage (eng-30-03463381-n); benedenwoning (eng-30-03463381-n); parterre (eng-30-03463381-n)	bovenwoning (odwn-10-109510073-n)
missen (eng-30-01237901-v)	uithalen (eng-30-01400044-v); een opduvel geven (eng-30-01400044-v); kloppen (eng-30-01400044-v); treffen (eng-30-01400044-v); raken (eng-30-01400044-v); kletsen (eng-30-01400044-v); slaan (eng-30-01400044-v)
binnenland (odwn-10-107703570-n)	regio (eng-30-08552138-n); rayon (eng-30-08552138-n); gebied (eng-30-08552138-n); grondgebied (eng-30-08552138-n); werkgebied (eng-30-08552138-n); district (eng-30-08552138-n)
gang (eng-30-00030358-n); doen (eng-30-00030358-n); actie (eng-30-00030358-n); handeling (eng-30-00030358-n); verrichten (eng-30-00030358-n); verrichting (eng-30-00030358-n)	reactie (eng-30-00859001-n)
floppen (eng-30-02528380-v); mislukken (eng-30-02528380-v); falen (eng-30-02528380-v); misgaan (eng-30-02528380-v); scheeflopen (eng-30-02528380-v); knallen (eng-30-02528380-v); mislopen (eng-30-02528380-v)	gelukken (eng-30-02524171-v); lukken (eng-30-02524171-v); gaan (eng-30-02524171-v); slagen (eng-30-02524171-v)
zee (eng-30-09426788-n)	vasteland (eng-30-09334396-n); land (eng-30-09334396-n)
huren (eng-30-02208537-v)	verpachten (eng-30-02208903-v)
onbehaaglijkheid (eng-30-07538965-n); misnoegen (eng-30-07538965-n); onvrede (eng-30-07538965-n); mishagen (eng-30-07538965-n); ontevredenheid (eng-30-07538965-n); onbehagen (eng-30-07538965-n); ongenoegen (eng-30-07538965-n)	tevredenheid (eng-30-07531255-n); voldoening (eng-30-07531255-n); vergenoegdheid (eng-30-07531255-n)
uitklappen (eng-30-01346003-v)	dichtklappen (odwn-10-101249037-v)
dichten (eng-30-01345109-v); dichtmaken (eng-30-01345109-v); sluiten (eng-30-01345109-v); toedoen (eng-30-01345109-v); dichtdoen (eng-30-01345109-v)	openzetten (eng-30-01348705-v); openmaken (eng-30-01348705-v); ontgrendelen (eng-30-01348705-v); openen (eng-30-01348705-v); opendoen (eng-30-01348705-v); ontsluiten (eng-30-01348705-v)
kwijtraken (eng-30-02287618-v); verliezen (eng-30-02287618-v)	opsporen (eng-30-02154508-v); detecteren (eng-30-02154508-v); vinden (eng-30-02154508-v); ontdekken (eng-30-02154508-v)
omsluieren (eng-30-01332730-v); bedekken (eng-30-01332730-v)	afdekken (odwn-10-105550925-v)
ontspannen (eng-30-00025654-v)	spannen (odwn-10-107579054-v)
afslaan (eng-30-00434374-v); het laten afweten (eng-30-00434374-v); afspringen (eng-30-00434374-v); overlijden (eng-30-00434374-v)	aanslaan (odwn-10-106740359-v)
inham (eng-30-09215664-n)	landtong (odwn-10-107235084-n)
vernauwen (eng-30-00305109-v); versmallen (eng-30-00305109-v)	verbreden (eng-30-00303661-v)
altruïsme (eng-30-04833276-n); edelmoedigheid (eng-30-04833276-n); onbaatzuchtigheid (eng-30-04833276-n); groothartigheid (eng-30-04833276-n); onzelfzuchtigheid (eng-30-04833276-n); grootmoedigheid (eng-30-04833276-n)	egoïsme (eng-30-04835028-n); zelfzucht (eng-30-04835028-n); egocentrisme (eng-30-04835028-n); ikzucht (eng-30-04835028-n)
afkondigen (odwn-10-102935329-v)	aanmelden (eng-30-00975427-v); declareren (eng-30-00975427-v); aandienen (eng-30-00975427-v)
onzelfstandigheid (eng-30-14001348-n); afhankelijks (eng-30-14001348-n); afhankelijkheid (eng-30-14001348-n); gebondenheid (eng-30-14001348-n)	onafhankelijkheid (eng-30-13994148-n); mondigheid (eng-30-13994148-n)
afleggen (odwn-10-105469218-v)	gelukken (eng-30-02524171-v); lukken (eng-30-02524171-v); gaan (eng-30-02524171-v); slagen (eng-30-02524171-v)
microcefalie (eng-30-14509299-n)	macrocefalie (eng-30-14508974-n)
kwekken (odwn-10-105240921-v)	stilvallen (eng-30-00461354-v); stilzwijgen (eng-30-00461354-v); zwijgen (eng-30-00461354-v)
stilvallen (eng-30-00461354-v); stilzwijgen (eng-30-00461354-v); zwijgen (eng-30-00461354-v)	kakelen (odwn-10-101418718-v)
voorttrekken (eng-30-01448100-v); meesleuren (eng-30-01448100-v); meeslepen (eng-30-01448100-v); slepen (eng-30-01448100-v); trekken (eng-30-01448100-v)	duwen (eng-30-01871979-v); douwen (eng-30-01871979-v)
onvrede (eng-30-07539511-n); mishagen (eng-30-07539511-n); ontevredenheid (eng-30-07539511-n); ongenoegen (eng-30-07539511-n)	tevredenheid (eng-30-13986679-n); voldoening (eng-30-13986679-n); vergenoegdheid (eng-30-13986679-n)
bevriezen (eng-30-00374135-v); vriezen (eng-30-00374135-v)	dooien (eng-30-00376106-v); ontdooien (eng-30-00376106-v)
stilvallen (eng-30-00461354-v); stilzwijgen (eng-30-00461354-v); zwijgen (eng-30-00461354-v)	tateren (odwn-10-104279701-v)
zorgeloosheid (eng-30-07530866-n); onverschilligheid (eng-30-07530866-n); luchthartigheid (eng-30-07530866-n); onbezorgdheid (eng-30-07530866-n)	bezorgdheid (eng-30-07524529-n); verontrusting (eng-30-07524529-n); ongerustheid (eng-30-07524529-n); zorg (eng-30-07524529-n)
achterlopen (odwn-10-100282355-v)	voorlopen (eng-30-01999218-v); voorgaan (eng-30-01999218-v)
onwaarschijnlijkheid (eng-30-04758452-n)	waarschijnlijkheid (eng-30-04756172-n)
werkzaamheid (eng-30-00407535-n); activiteit (eng-30-00407535-n); werkzaamheden (eng-30-00407535-n); bezigheid (eng-30-00407535-n)	inactiviteit (eng-30-04636397-n); passiviteit (eng-30-04636397-n); passivisme (eng-30-04636397-n); inertie (eng-30-04636397-n)
vergeten (eng-30-00610167-v)	denken (eng-30-00609683-v); gedenken (eng-30-00609683-v)
nes (odwn-10-108847740-n)	inham (eng-30-09215664-n)
weken (eng-30-00456151-v)	harden (eng-30-00443384-v)
culminatiepunt (eng-30-06373747-n); moment suprème (eng-30-06373747-n); hoogtepunt (eng-30-06373747-n); climax (eng-30-06373747-n)	dieptepunt (eng-30-05097706-n); laagterecord (eng-30-05097706-n); nulpunt (eng-30-05097706-n); laagtepunt (eng-30-05097706-n)
aanzetten (eng-30-00345761-v); starten (eng-30-00345761-v); aangaan (eng-30-00345761-v); inzetten (eng-30-00345761-v); aanvangen (eng-30-00345761-v); beginnen (eng-30-00345761-v)	continueren (eng-30-02679899-v); voortgaan (eng-30-02679899-v); doorgaan (eng-30-02679899-v); voortbouwen (eng-30-02679899-v); voortzetten (eng-30-02679899-v); overgaan (eng-30-02679899-v); vervolgen (eng-30-02679899-v); staande houden (eng-30-02679899-v); blijven (eng-30-02679899-v)
slapte (eng-30-05113133-n)	sterkte (eng-30-05099796-n)
slabakken (eng-30-00151689-v); teruglopen (eng-30-00151689-v); afnemen (eng-30-00151689-v); verminderen (eng-30-00151689-v); achteruitlopen (eng-30-00151689-v); minderen (eng-30-00151689-v)	vermeerderen (eng-30-00156601-v); aanwakkeren (eng-30-00156601-v); toenemen (eng-30-00156601-v); opzetten (eng-30-00156601-v)
vasteland (eng-30-09334396-n); land (eng-30-09334396-n)	zee (eng-30-09426788-n)
proberen (eng-30-02530167-v); trachten (eng-30-02530167-v); beproeven (eng-30-02530167-v); zien (eng-30-02530167-v); pogen (eng-30-02530167-v)	opgeven (odwn-10-105119319-v)
omkeerbaarheid (eng-30-04734551-n)	onomkeerbaarheid (eng-30-04739768-n)
gelukkige (odwn-10-101065875-n)	kneus (eng-30-10273064-n); mislukkeling (eng-30-10273064-n); kneusje (eng-30-10273064-n); schlemiel (eng-30-10273064-n); pechvogel (eng-30-10273064-n); loser (eng-30-10273064-n); wanboffer (eng-30-10273064-n); verliezer (eng-30-10273064-n)
lot (eng-30-11418460-n); zwijn (eng-30-11418460-n); geluk (eng-30-11418460-n); mazzel (eng-30-11418460-n); bof (eng-30-11418460-n); zwijntje (eng-30-11418460-n); fortuin (eng-30-11418460-n)	onheil (eng-30-07304852-n); ongeluk (eng-30-07304852-n); tegenslag (eng-30-07304852-n); kanker (eng-30-07304852-n); pech (eng-30-07304852-n); rampspoed (eng-30-07304852-n); kwaad (eng-30-07304852-n); euvel (eng-30-07304852-n)
kneus (eng-30-10273064-n); mislukkeling (eng-30-10273064-n); kneusje (eng-30-10273064-n); schlemiel (eng-30-10273064-n); pechvogel (eng-30-10273064-n); loser (eng-30-10273064-n); wanboffer (eng-30-10273064-n); verliezer (eng-30-10273064-n)	gelukkige (odwn-10-101065875-n)
slapte (eng-30-05113133-n)	woestheid (eng-30-05037813-n)
blokkeren (eng-30-01525177-v)	deblokkeren (eng-30-00181664-v)
versperren (odwn-10-103809640-v)	deblokkeren (eng-30-00181664-v)
crediteur (odwn-10-100230712-n)	schuldenaar (eng-30-09997622-n); lener (eng-30-09997622-n); gedelegeerde (eng-30-09997622-n); debiteur (eng-30-09997622-n)
uitgever (eng-30-10635460-n)	vrek (odwn-10-100430341-n)
aanzijn (eng-30-13961642-n); voortbestaan (eng-30-13961642-n); leven (eng-30-13961642-n)	dood (eng-30-15143276-n)
verhaasten (eng-30-00438178-v); versnellen (eng-30-00438178-v)	vertragen (eng-30-00439958-v)
wezenlijkheid (eng-30-00001740-n); wezen (eng-30-00001740-n); iets (eng-30-00001740-n); entiteit (eng-30-00001740-n); het wezen (eng-30-00001740-n)	niks (eng-30-13740168-n); nul (eng-30-13740168-n); niets (eng-30-13740168-n); iets (eng-30-13740168-n)
kletsen (odwn-10-102818048-v)	stilvallen (eng-30-00461354-v); stilzwijgen (eng-30-00461354-v); zwijgen (eng-30-00461354-v)
single (eng-30-00483313-n); enkelspel (eng-30-00483313-n)	dubbelspel (odwn-10-103474753-n)
pauper (odwn-10-105522135-n)	rijke (eng-30-10529231-n); miljonair (eng-30-10529231-n)
degenereren (eng-30-00092293-v); verarmen (eng-30-00092293-v); verslechteren (eng-30-00092293-v); maken (eng-30-00092293-v)	betere (eng-30-00205046-v); verbeteren (eng-30-00205046-v); beter (eng-30-00205046-v)
slapte (eng-30-05113133-n)	kracht (eng-30-05035353-n); sterkte (eng-30-05035353-n); lichaamskracht (eng-30-05035353-n); intensiteit (eng-30-05035353-n)
twijfelzucht (eng-30-05698982-n); scepticisme (eng-30-05698982-n); ongeloof (eng-30-05698982-n); ongelovigheid (eng-30-05698982-n)	geloof (odwn-10-101743209-n)
dieptepunt (eng-30-05097706-n); laagterecord (eng-30-05097706-n); nulpunt (eng-30-05097706-n); laagtepunt (eng-30-05097706-n)	culminatiepunt (eng-30-06373747-n); moment suprème (eng-30-06373747-n); hoogtepunt (eng-30-06373747-n); climax (eng-30-06373747-n)
uitgever (eng-30-10635460-n)	krentenkakker (odwn-10-109615464-n)
productiviteit (eng-30-13824500-n); produktiviteit (eng-30-13824500-n); arbeidsproductiviteit (eng-30-13824500-n); arbeidsproduktiviteit (eng-30-13824500-n)	improductiviteit (eng-30-05148539-n); improduktiviteit (eng-30-05148539-n)
verpachten (eng-30-02208903-v)	pachten (odwn-10-103818976-v)
duwen (eng-30-01871979-v); douwen (eng-30-01871979-v)	voorttrekken (eng-30-01448100-v); meesleuren (eng-30-01448100-v); meeslepen (eng-30-01448100-v); slepen (eng-30-01448100-v); trekken (eng-30-01448100-v)
tuigen (eng-30-00408085-v); optakelen (eng-30-00408085-v); optuigen (eng-30-00408085-v)	aftuigen (odwn-10-101104633-v)
maximeren (eng-30-00428583-v); maximaliseren (eng-30-00428583-v)	miniseren (eng-30-00427802-v); minimaliseren (eng-30-00427802-v)
zekerheid (eng-30-04753455-n); vastigheid (eng-30-04753455-n)	twijfel (eng-30-04757522-n); onzekerheid (eng-30-04757522-n)
eiland (eng-30-09316454-n); enclave (eng-30-09316454-n)	vasteland (eng-30-09346120-n)
weigeren (eng-30-02237338-v); afwijzen (eng-30-02237338-v)	aanvaarden (odwn-10-109692310-v)
uitgever (eng-30-10635625-n)	knibbelaar (odwn-10-106405024-n)
importgoederen (eng-30-03564667-n); invoer (eng-30-03564667-n)	exportproduct (eng-30-03306207-n); exportprodukt (eng-30-03306207-n); uitvoer (eng-30-03306207-n)
exportproduct (eng-30-03306207-n); exportprodukt (eng-30-03306207-n); uitvoer (eng-30-03306207-n)	importgoederen (eng-30-03564667-n); invoer (eng-30-03564667-n)
burger (odwn-10-109445819-n)	militair (eng-30-10582746-n); krijgsman (eng-30-10582746-n)
klimmen (odwn-10-101431739-v)	afdalen (eng-30-01970826-v); dalen (eng-30-01970826-v); zakken (eng-30-01970826-v)
betrouwen (eng-30-05943066-n); vertrouwen (eng-30-05943066-n)	argwaan koesteren (eng-30-05698791-n); verdenking (eng-30-05698791-n); suspicie (eng-30-05698791-n); wantrouwen (eng-30-05698791-n); argwaan (eng-30-05698791-n); achterdocht (eng-30-05698791-n)
sluiten (eng-30-00352826-v); opzeggen (eng-30-00352826-v); besluiten (eng-30-00352826-v); beëindigen (eng-30-00352826-v); stoppen (eng-30-00352826-v); termineren (eng-30-00352826-v); bedanken (eng-30-00352826-v); afsluiten (eng-30-00352826-v); eindigen (eng-30-00352826-v)	continueren (eng-30-02679899-v); voortgaan (eng-30-02679899-v); doorgaan (eng-30-02679899-v); voortbouwen (eng-30-02679899-v); voortzetten (eng-30-02679899-v); overgaan (eng-30-02679899-v); vervolgen (eng-30-02679899-v); staande houden (eng-30-02679899-v); blijven (eng-30-02679899-v)
beantwoording (eng-30-07200527-n); antwoord (eng-30-07200527-n)	ondervraging (eng-30-07193184-n); vraag (eng-30-07193184-n)
onvrede (eng-30-07539511-n); mishagen (eng-30-07539511-n); ontevredenheid (eng-30-07539511-n); ongenoegen (eng-30-07539511-n)	tevredenheid (eng-30-07531255-n); voldoening (eng-30-07531255-n); vergenoegdheid (eng-30-07531255-n)
strijden (eng-30-01090335-v); vechten (eng-30-01090335-v); worstelen (eng-30-01090335-v); matten (eng-30-01090335-v); kampen (eng-30-01090335-v); knokken (eng-30-01090335-v)	capituleren (eng-30-01115585-v); overgeven (eng-30-01115585-v)
terugspringen (odwn-10-106026380-v)	pieken (eng-30-02713372-v); springen (eng-30-02713372-v); uitspringen (eng-30-02713372-v); uitsteken (eng-30-02713372-v); uitstaan (eng-30-02713372-v)
deblokkeren (eng-30-00181664-v)	blokkeren (eng-30-01525177-v)
bovenwoning (odwn-10-109510073-n)	onderhuis (eng-30-03463381-n); [[eerste]] [[verdieping]] (eng-30-03463381-n); begane grond (eng-30-03463381-n); rez-de-chaussée (eng-30-03463381-n); benedenverdieping (eng-30-03463381-n); bel-etage (eng-30-03463381-n); eerste verdieping (eng-30-03463381-n); benedenhuis (eng-30-03463381-n); beletage (eng-30-03463381-n); benedenwoning (eng-30-03463381-n); parterre (eng-30-03463381-n)
aanmelden (eng-30-00975427-v); declareren (eng-30-00975427-v); aandienen (eng-30-00975427-v)	afkondigen (odwn-10-102935329-v)
ondergang (odwn-10-101996625-n)	bestijging (eng-30-00324384-n); Hemelvaart (eng-30-00324384-n); stijging (eng-30-00324384-n); opklimming (eng-30-00324384-n); hemelvaart (eng-30-00324384-n); opkomst (eng-30-00324384-n); opstijgen (eng-30-00324384-n); beklimming (eng-30-00324384-n)
weigeren (eng-30-02237338-v); afwijzen (eng-30-02237338-v)	accepteren (odwn-10-108119026-v)
geduld (odwn-10-103009712-n)	ongeduld (eng-30-14407283-n)
assimilatie (eng-30-13434537-n)	dissimilatie (eng-30-13467443-n)
tevredenheid (eng-30-13986679-n); voldoening (eng-30-13986679-n); vergenoegdheid (eng-30-13986679-n)	onvrede (eng-30-07539511-n); mishagen (eng-30-07539511-n); ontevredenheid (eng-30-07539511-n); ongenoegen (eng-30-07539511-n)
impopulariteit (eng-30-04809089-n)	populariteit (eng-30-04808639-n)
duren (eng-30-00118523-v); voortduren (eng-30-00118523-v); lopen (eng-30-00118523-v); aanhouden (eng-30-00118523-v); continueren (eng-30-00118523-v); doorgaan (eng-30-00118523-v); doorlopen (eng-30-00118523-v)	stilleggen (eng-30-02609764-v); eindigen (eng-30-02609764-v); stoppen (eng-30-02609764-v); uitscheiden (eng-30-02609764-v); nokken (eng-30-02609764-v); ophouden (eng-30-02609764-v)
werkgever (eng-30-10054657-n)	personeelslid (eng-30-10053808-n); werknemer (eng-30-10053808-n); tewerkgestelde (eng-30-10053808-n); arbeidskracht (eng-30-10053808-n); arbeider (eng-30-10053808-n); kracht (eng-30-10053808-n); bediende (eng-30-10053808-n); loontrekker (eng-30-10053808-n)
afvallen (eng-30-02287789-v); verliezen (eng-30-02287789-v); kwijtraken (eng-30-02287789-v)	opsporen (eng-30-02154508-v); detecteren (eng-30-02154508-v); vinden (eng-30-02154508-v); ontdekken (eng-30-02154508-v)
vermeerderen (eng-30-00156601-v); aanwakkeren (eng-30-00156601-v); toenemen (eng-30-00156601-v); opzetten (eng-30-00156601-v)	slabakken (eng-30-00151689-v); teruglopen (eng-30-00151689-v); afnemen (eng-30-00151689-v); verminderen (eng-30-00151689-v); achteruitlopen (eng-30-00151689-v); minderen (eng-30-00151689-v)
vermaken (eng-30-02492362-v); verstrooien (eng-30-02492362-v); diverteren (eng-30-02492362-v); amuseren (eng-30-02492362-v); onderhouden (eng-30-02492362-v); entertainen (eng-30-02492362-v)	vervelen (odwn-10-107933370-v)
onafhankelijkheid (eng-30-13994148-n); mondigheid (eng-30-13994148-n)	onzelfstandigheid (eng-30-14001348-n); afhankelijks (eng-30-14001348-n); afhankelijkheid (eng-30-14001348-n); gebondenheid (eng-30-14001348-n)
vrouw (eng-30-10787470-n); mevrouw (eng-30-10787470-n); juffrouw (eng-30-10787470-n); dame (eng-30-10787470-n); tante (eng-30-10787470-n)	basserool (eng-30-10287213-n); man (eng-30-10287213-n); mens (eng-30-10287213-n); klant (eng-30-10287213-n); vent (eng-30-10287213-n); kerel (eng-30-10287213-n); mannetje (eng-30-10287213-n); heer (eng-30-10287213-n); broger (eng-30-10287213-n); jongen (eng-30-10287213-n); manspersoon (eng-30-10287213-n); pik (eng-30-10287213-n); knaap (eng-30-10287213-n); heerschap (eng-30-10287213-n); gast (eng-30-10287213-n); baas (eng-30-10287213-n); meneer (eng-30-10287213-n); pief (eng-30-10287213-n)
keuvelen (odwn-10-102758371-v)	stilvallen (eng-30-00461354-v); stilzwijgen (eng-30-00461354-v); zwijgen (eng-30-00461354-v)
slabakken (eng-30-00151689-v); teruglopen (eng-30-00151689-v); afnemen (eng-30-00151689-v); verminderen (eng-30-00151689-v); achteruitlopen (eng-30-00151689-v); minderen (eng-30-00151689-v)	opvoeren (eng-30-00153263-v); vergroten (eng-30-00153263-v); amplificeren (eng-30-00153263-v)
emigreren (odwn-10-105529873-v)	immigreren (eng-30-00413432-v)
zucht (eng-30-07485475-n); koorts (eng-30-07485475-n); dorst (eng-30-07485475-n); honger (eng-30-07485475-n); begeerte (eng-30-07485475-n)	indolentie (eng-30-07483622-n); lusteloosheid (eng-30-07483622-n); lamlendigheid (eng-30-07483622-n); matheid (eng-30-07483622-n); apathie (eng-30-07483622-n); futloosheid (eng-30-07483622-n); landerigheid (eng-30-07483622-n)
helix (eng-30-03065424-n); schroef (eng-30-03065424-n); krul (eng-30-03065424-n); spiraal (eng-30-03065424-n); spiraallijn (eng-30-03065424-n); schroeflijn (eng-30-03065424-n)	curve (eng-30-13876371-n)
vrezen (eng-30-01780202-v); opkijken (eng-30-01780202-v); bang zijn (eng-30-01780202-v); duchten (eng-30-01780202-v); schrik hebben (eng-30-01780202-v); opzien (eng-30-01780202-v); aanhikken (eng-30-01780202-v); schrik hebben van (eng-30-01780202-v)	verheugen (odwn-10-104160636-v)
bekende (eng-30-09763784-n); vriendje (eng-30-09763784-n); maatje (eng-30-09763784-n); vriendin (eng-30-09763784-n); bekendheid (eng-30-09763784-n); vriend (eng-30-09763784-n); kennis (eng-30-09763784-n); vriendinnetje (eng-30-09763784-n)	onbekende (eng-30-10661002-n); vreemdeling (eng-30-10661002-n); vreemde (eng-30-10661002-n)
miniseren (eng-30-00427802-v); minimaliseren (eng-30-00427802-v)	maximeren (eng-30-00428583-v); maximaliseren (eng-30-00428583-v)
vermageren (eng-30-00389406-v)	verdikken (eng-30-00046151-v); aankomen (eng-30-00046151-v)
decentralisatie (eng-30-01238058-n)	centralisatie (eng-30-01237872-n)
opsporen (eng-30-02154508-v); detecteren (eng-30-02154508-v); vinden (eng-30-02154508-v); ontdekken (eng-30-02154508-v)	kwijtraken (eng-30-02287618-v); verliezen (eng-30-02287618-v)
afblijven (odwn-10-107817872-v)	beroeren (eng-30-01205696-v); toucheren (eng-30-01205696-v); afspreken (eng-30-01205696-v); ontmoeten (eng-30-01205696-v); aanraken (eng-30-01205696-v); raken (eng-30-01205696-v)
opsporen (eng-30-02154508-v); detecteren (eng-30-02154508-v); vinden (eng-30-02154508-v); ontdekken (eng-30-02154508-v)	afvallen (eng-30-02287789-v); verliezen (eng-30-02287789-v); kwijtraken (eng-30-02287789-v)
stilvallen (eng-30-00461354-v); stilzwijgen (eng-30-00461354-v); zwijgen (eng-30-00461354-v)	babbelen (odwn-10-107936840-v)
repareren (eng-30-00260648-v); herstellen (eng-30-00260648-v); verstellen (eng-30-00260648-v); maken (eng-30-00260648-v); lijmen (eng-30-00260648-v); redresseren (eng-30-00260648-v); verbeteren (eng-30-00260648-v); lappen (eng-30-00260648-v)	schenden (eng-30-00258857-v); beschadigen (eng-30-00258857-v); havenen (eng-30-00258857-v)
jennen (eng-30-01820901-v); plagen (eng-30-01820901-v); misnoegen (eng-30-01820901-v); ontstemmen (eng-30-01820901-v); mishagen (eng-30-01820901-v); tergen (eng-30-01820901-v); pesten (eng-30-01820901-v); ergeren (eng-30-01820901-v); kwellen (eng-30-01820901-v); koeioneren (eng-30-01820901-v); irriteren (eng-30-01820901-v)	aanspreken (eng-30-01807882-v); bevallen (eng-30-01807882-v); appeleren (eng-30-01807882-v); liggen (eng-30-01807882-v); lijken (eng-30-01807882-v); behagen (eng-30-01807882-v); aanstaan (eng-30-01807882-v); zinnen (eng-30-01807882-v)
duren (eng-30-00118523-v); voortduren (eng-30-00118523-v); lopen (eng-30-00118523-v); aanhouden (eng-30-00118523-v); continueren (eng-30-00118523-v); doorgaan (eng-30-00118523-v); doorlopen (eng-30-00118523-v)	aanzetten (eng-30-00345761-v); starten (eng-30-00345761-v); aangaan (eng-30-00345761-v); inzetten (eng-30-00345761-v); aanvangen (eng-30-00345761-v); beginnen (eng-30-00345761-v)
rellen (odwn-10-103028301-v)	stilvallen (eng-30-00461354-v); stilzwijgen (eng-30-00461354-v); zwijgen (eng-30-00461354-v)
geldwolf (odwn-10-104415555-n)	uitgever (eng-30-10635625-n)
verdikken (eng-30-00046151-v); aankomen (eng-30-00046151-v)	vermageren (eng-30-00389406-v)
koelen (eng-30-00370412-v); afkoelen (eng-30-00370412-v); verfrissen (eng-30-00370412-v); verkoelen (eng-30-00370412-v); bekoelen (eng-30-00370412-v)	warmen (eng-30-00372958-v); verwarmen (eng-30-00372958-v)
toegeven (eng-30-00435103-v)	verzetten (eng-30-01116585-v); vechten (eng-30-01116585-v); verweren (eng-30-01116585-v); weren (eng-30-01116585-v); keren (eng-30-01116585-v); roeren (eng-30-01116585-v); kanten (eng-30-01116585-v)
volgen (eng-30-00588888-v); snappen (eng-30-00588888-v); vatten (eng-30-00588888-v); verstaan (eng-30-00588888-v); weten (eng-30-00588888-v); doorzien (eng-30-00588888-v); bevatten (eng-30-00588888-v); doorhebben (eng-30-00588888-v); begrijpen (eng-30-00588888-v)	ontgaan (eng-30-02723232-v)
parlevinken (odwn-10-107653908-v)	stilvallen (eng-30-00461354-v); stilzwijgen (eng-30-00461354-v); zwijgen (eng-30-00461354-v)
betere (eng-30-00205046-v); verbeteren (eng-30-00205046-v); beter (eng-30-00205046-v)	degenereren (eng-30-00092293-v); verarmen (eng-30-00092293-v); verslechteren (eng-30-00092293-v); maken (eng-30-00092293-v)
immigreren (eng-30-00415967-v)	emigreren (odwn-10-105529873-v)
armoedzaaier (odwn-10-103795091-n)	rijke (eng-30-10529231-n); miljonair (eng-30-10529231-n)
apparatuur (eng-30-03493333-n); hardware (eng-30-03493333-n)	programmatuur (eng-30-06566077-n); software (eng-30-06566077-n)
mededelen (eng-30-00952524-v); waarschuwen (eng-30-00952524-v); meedelen (eng-30-00952524-v)	stilvallen (eng-30-00461354-v); stilzwijgen (eng-30-00461354-v); zwijgen (eng-30-00461354-v)
knibbelaar (odwn-10-106405024-n)	uitgever (eng-30-10635625-n)
zonsondergang (eng-30-07344015-n)	zonsopgang (odwn-10-103584160-n)
gelukken (eng-30-02524171-v); lukken (eng-30-02524171-v); gaan (eng-30-02524171-v); slagen (eng-30-02524171-v)	afleggen (odwn-10-105469218-v)
stilvallen (eng-30-00461354-v); stilzwijgen (eng-30-00461354-v); zwijgen (eng-30-00461354-v)	spreken (eng-30-00963570-v)
aankondigen (eng-30-00974367-v); bekendmaken (eng-30-00974367-v); notifiëren (eng-30-00974367-v); aanduiden (eng-30-00974367-v); notificeren (eng-30-00974367-v); publiceren (eng-30-00974367-v); betekenen (eng-30-00974367-v)	afkondigen (odwn-10-102935329-v)
aanwezigheid (eng-30-13957601-n); tegenwoordigheid (eng-30-13957601-n); bijzijn (eng-30-13957601-n); presentie (eng-30-13957601-n)	verstek (odwn-10-105251351-n)
vastzetten (eng-30-01356750-v); houden (eng-30-01356750-v); vasthouden (eng-30-01356750-v); hechten (eng-30-01356750-v)	loskomen (eng-30-01299758-v); losraken (eng-30-01299758-v); losgaan (eng-30-01299758-v); loslaten (eng-30-01299758-v)
bestijging (eng-30-00324384-n); Hemelvaart (eng-30-00324384-n); stijging (eng-30-00324384-n); opklimming (eng-30-00324384-n); hemelvaart (eng-30-00324384-n); opkomst (eng-30-00324384-n); opstijgen (eng-30-00324384-n); beklimming (eng-30-00324384-n)	ondergang (odwn-10-101996625-n)
ontkleden (eng-30-00049900-v); uitpakken (eng-30-00049900-v); uittrekken (eng-30-00049900-v); uitkleden (eng-30-00049900-v)	aantrekken (odwn-10-105469086-v)
consumptie-artikelen (eng-30-03093574-n); verbruiksgoederen (eng-30-03093574-n); consumptiegoederen (eng-30-03093574-n)	gebruiksgoederen (eng-30-03257877-n)
scheeftrekken (odwn-10-107633229-v)	Aline (eng-30-00464321-v); op één lijn brengen (eng-30-00464321-v); op één lijn zetten (eng-30-00464321-v); uitlijnen (eng-30-00464321-v)
personeelslid (eng-30-10053808-n); werknemer (eng-30-10053808-n); tewerkgestelde (eng-30-10053808-n); arbeidskracht (eng-30-10053808-n); arbeider (eng-30-10053808-n); kracht (eng-30-10053808-n); bediende (eng-30-10053808-n); loontrekker (eng-30-10053808-n)	werkgever (eng-30-10054657-n)
letten (eng-30-02450505-v); beletten (eng-30-02450505-v); voorkomen (eng-30-02450505-v); verletten (eng-30-02450505-v); verhinderen (eng-30-02450505-v)	laten (eng-30-02721438-v)
propriëteit (eng-30-00032613-n); possessie (eng-30-00032613-n); bezit (eng-30-00032613-n); have (eng-30-00032613-n); boeltje (eng-30-00032613-n); goed (eng-30-00032613-n)	schuld (eng-30-13990675-n); schuldig (eng-30-13990675-n); schuldgevoel (eng-30-13990675-n)
onveiligheid (eng-30-14540765-n); perikel (eng-30-14540765-n); gevaar (eng-30-14540765-n); dreiging (eng-30-14540765-n); onraad (eng-30-14540765-n)	zekerheid (eng-30-14538472-n); veiligheid (eng-30-14538472-n)
dood (eng-30-15143276-n)	aanzijn (eng-30-13961642-n); voortbestaan (eng-30-13961642-n); leven (eng-30-13961642-n)
draw (eng-30-01115190-v); gelijkspelen (eng-30-01115190-v); puntendeling (eng-30-01115190-v); gelijkspel (eng-30-01115190-v)	verliezen (eng-30-01099592-v)
futloosheid (eng-30-14014990-n); lusteloosheid (eng-30-14014990-n); hypnolepsie (eng-30-14014990-n); slaapzucht (eng-30-14014990-n); lethargie (eng-30-14014990-n)	slaapstoornis (eng-30-14297696-n)
krent (odwn-10-100543003-n)	uitgever (eng-30-10635460-n)
deblokkeren (eng-30-00181664-v)	versperren (odwn-10-103809640-v)
authenticiteit (eng-30-04783247-n); echtheid (eng-30-04783247-n); originaliteit (eng-30-04783247-n)	valsheid (eng-30-13960464-n); dubbelhartigheid (eng-30-13960464-n)
gierigaard (odwn-10-106587899-n)	uitgever (eng-30-10635625-n)
geschiedenis (eng-30-00029378-n); gebeurde (eng-30-00029378-n); gebeurtenis (eng-30-00029378-n); ontwikkeling (eng-30-00029378-n)	kenmerkend (eng-30-04731497-n); eigenschap (eng-30-04731497-n); karakteristiek (eng-30-04731497-n); propriëteit (eng-30-04731497-n); hoedanigheid (eng-30-04731497-n)
rijke (eng-30-10529231-n); miljonair (eng-30-10529231-n)	arme (odwn-10-100527658-n)
verdedigen (eng-30-00895304-v); behandelen (eng-30-00895304-v); pleiten (eng-30-00895304-v)	vervolgen (odwn-10-108656275-v)
ontladen (eng-30-01489332-v); uitladen (eng-30-01489332-v); lossen (eng-30-01489332-v)	laden (eng-30-01488956-v)
vergeten (eng-30-00610167-v)	onthouden (eng-30-00611802-v); oppikken (eng-30-00611802-v)
bevolken (eng-30-02649830-v)	ontvolken (odwn-10-105079136-v)
schone (eng-30-04683814-n); prachtexemplaar (eng-30-04683814-n); juweeltje (eng-30-04683814-n); beauty (eng-30-04683814-n); schoonheid (eng-30-04683814-n)	lelijkheid (eng-30-04690196-n)
onderkleren (eng-30-04508949-n); lingerie (eng-30-04508949-n); onderkleding (eng-30-04508949-n); ondergoed (eng-30-04508949-n)	bovenkleding (eng-30-03859495-n); overkleed (eng-30-03859495-n)
vastbinden (eng-30-01285440-v); aanhechten (eng-30-01285440-v); knevelen (eng-30-01285440-v); binden (eng-30-01285440-v); aanbinden (eng-30-01285440-v); verbinden (eng-30-01285440-v)	afbinden (odwn-10-101864174-v)
stilleggen (eng-30-02609764-v); eindigen (eng-30-02609764-v); stoppen (eng-30-02609764-v); uitscheiden (eng-30-02609764-v); nokken (eng-30-02609764-v); ophouden (eng-30-02609764-v)	duren (eng-30-00118523-v); voortduren (eng-30-00118523-v); lopen (eng-30-00118523-v); aanhouden (eng-30-00118523-v); continueren (eng-30-00118523-v); doorgaan (eng-30-00118523-v); doorlopen (eng-30-00118523-v)
stilvallen (eng-30-00461354-v); stilzwijgen (eng-30-00461354-v); zwijgen (eng-30-00461354-v)	keuvelen (odwn-10-102758371-v)
vrek (odwn-10-100430341-n)	uitgever (eng-30-10635625-n)
geloof (odwn-10-101743209-n)	twijfelzucht (eng-30-05698982-n); scepticisme (eng-30-05698982-n); ongeloof (eng-30-05698982-n); ongelovigheid (eng-30-05698982-n)
insolvabiliteit (eng-30-05644922-n); onvermogen (eng-30-05644922-n)	bekwaamheid (eng-30-05200169-n); vermogen (eng-30-05200169-n); kunnen (eng-30-05200169-n); begaafdheid (eng-30-05200169-n); macht (eng-30-05200169-n); potentie (eng-30-05200169-n); talent (eng-30-05200169-n); geschiktheid (eng-30-05200169-n); vaardigheid (eng-30-05200169-n)
uitdoven (eng-30-00352419-v); uitgaan (eng-30-00352419-v); doven (eng-30-00352419-v)	ontsteken (eng-30-02759614-v); aansteken (eng-30-02759614-v)
onvermogen (eng-30-05207130-n); insolvabiliteit (eng-30-05207130-n)	bekwaamheid (eng-30-05200169-n); vermogen (eng-30-05200169-n); kunnen (eng-30-05200169-n); begaafdheid (eng-30-05200169-n); macht (eng-30-05200169-n); potentie (eng-30-05200169-n); talent (eng-30-05200169-n); geschiktheid (eng-30-05200169-n); vaardigheid (eng-30-05200169-n)
omzetten (eng-30-00126264-v); changeren (eng-30-00126264-v); altereren (eng-30-00126264-v); wijzigen (eng-30-00126264-v); modificeren (eng-30-00126264-v); herscheppen (eng-30-00126264-v); converteren (eng-30-00126264-v); variëren (eng-30-00126264-v); veranderen (eng-30-00126264-v)	bijhouden (eng-30-02681795-v); aanhouden (eng-30-02681795-v); houden (eng-30-02681795-v)
delen (eng-30-01458973-v); scheiden (eng-30-01458973-v); splitsen (eng-30-01458973-v)	in de echt verbinden (eng-30-02488834-v); trouwen (eng-30-02488834-v); zich in de echt verbinden (eng-30-02488834-v); huwen (eng-30-02488834-v)
mogelijkheid (eng-30-05792010-n)	onmogelijkheid (eng-30-14483126-n)
inkomen (odwn-10-105389052-v)	opstappen (eng-30-02016523-v); binnengaan (eng-30-02016523-v); binnendringen (eng-30-02016523-v); ingaan (eng-30-02016523-v)
geldwolf (odwn-10-104415555-n)	uitgever (eng-30-10635460-n)
aanzetten (eng-30-00345761-v); starten (eng-30-00345761-v); aangaan (eng-30-00345761-v); inzetten (eng-30-00345761-v); aanvangen (eng-30-00345761-v); beginnen (eng-30-00345761-v)	duren (eng-30-00118523-v); voortduren (eng-30-00118523-v); lopen (eng-30-00118523-v); aanhouden (eng-30-00118523-v); continueren (eng-30-00118523-v); doorgaan (eng-30-00118523-v); doorlopen (eng-30-00118523-v)
dalen (odwn-10-102565187-v)	klimmen (eng-30-00155143-v); oplopen (eng-30-00155143-v); stijgen (eng-30-00155143-v)
mazzelaar (odwn-10-105704389-n)	kneus (eng-30-10273064-n); mislukkeling (eng-30-10273064-n); kneusje (eng-30-10273064-n); schlemiel (eng-30-10273064-n); pechvogel (eng-30-10273064-n); loser (eng-30-10273064-n); wanboffer (eng-30-10273064-n); verliezer (eng-30-10273064-n)
utiliseren (eng-30-01158872-v); gebruiken (eng-30-01158872-v); aanwenden (eng-30-01158872-v); verwerken (eng-30-01158872-v); pakken (eng-30-01158872-v); bezigen (eng-30-01158872-v); nemen (eng-30-01158872-v); benutten (eng-30-01158872-v); hanteren (eng-30-01158872-v); toepassen (eng-30-01158872-v)	neerleggen (odwn-10-103236559-v)
bovenhuis (odwn-10-106032925-n)	onderhuis (eng-30-03463381-n); [[eerste]] [[verdieping]] (eng-30-03463381-n); begane grond (eng-30-03463381-n); rez-de-chaussée (eng-30-03463381-n); benedenverdieping (eng-30-03463381-n); bel-etage (eng-30-03463381-n); eerste verdieping (eng-30-03463381-n); benedenhuis (eng-30-03463381-n); beletage (eng-30-03463381-n); benedenwoning (eng-30-03463381-n); parterre (eng-30-03463381-n)
onomkeerbaarheid (eng-30-04739768-n)	omkeerbaarheid (eng-30-04734551-n)
tevredenheid (eng-30-13986679-n); voldoening (eng-30-13986679-n); vergenoegdheid (eng-30-13986679-n)	onbehaaglijkheid (eng-30-07538965-n); misnoegen (eng-30-07538965-n); onvrede (eng-30-07538965-n); mishagen (eng-30-07538965-n); ontevredenheid (eng-30-07538965-n); onbehagen (eng-30-07538965-n); ongenoegen (eng-30-07538965-n)
uitgever (eng-30-10635625-n)	gierigaard (odwn-10-106587899-n)
verdedigen (eng-30-00895304-v); behandelen (eng-30-00895304-v); pleiten (eng-30-00895304-v)	ingaan (eng-30-00773432-v); bestrijden (eng-30-00773432-v); aanvallen (eng-30-00773432-v); redetwisten (eng-30-00773432-v); betwisten (eng-30-00773432-v)
uitgever (eng-30-10635625-n)	vrek (odwn-10-100430341-n)
harden (eng-30-00443384-v)	weken (eng-30-00456151-v)
overtuigingskracht (eng-30-04783567-n); validiteit (eng-30-04783567-n); gelding (eng-30-04783567-n); geldigheid (eng-30-04783567-n); overredingskracht (eng-30-04783567-n)	ongeldigheid (eng-30-04810510-n); invaliditeit (eng-30-04810510-n); nietigheid (eng-30-04810510-n)
bewusteloosheid (eng-30-05678932-n)	bewustzijn (odwn-10-108308467-n)
twijfel (eng-30-04757522-n); onzekerheid (eng-30-04757522-n)	zekerheid (eng-30-04753455-n); vastigheid (eng-30-04753455-n)
rekenen op (eng-30-00688377-v); rekenen (eng-30-00688377-v); leunen (eng-30-00688377-v); bouwen (eng-30-00688377-v); verlaten (eng-30-00688377-v); vertrouwen (eng-30-00688377-v); steunen (eng-30-00688377-v); geloven (eng-30-00688377-v)	wantrouwen (eng-30-00687926-v)
fascineren (eng-30-02678839-v); intrigeren (eng-30-02678839-v); boeien (eng-30-02678839-v); pakken (eng-30-02678839-v); biologeren (eng-30-02678839-v)	vervelen (eng-30-01821884-v)
opstappen (eng-30-02016523-v); binnengaan (eng-30-02016523-v); binnendringen (eng-30-02016523-v); ingaan (eng-30-02016523-v)	binnenkomen (odwn-10-106046795-v)
bewegen (eng-30-01831531-v)	vastzitten (eng-30-01834485-v); hangen (eng-30-01834485-v); hechten (eng-30-01834485-v)
politiseren (odwn-10-104081448-v)	wegdoen (eng-30-00173338-v); verwijderen (eng-30-00173338-v); weghalen (eng-30-00173338-v); pinnen (eng-30-00173338-v); wegnemen (eng-30-00173338-v)
onthouden (eng-30-00611802-v); oppikken (eng-30-00611802-v)	vergeten (eng-30-00610167-v)
uitgever (eng-30-10635625-n)	krentenkakker (odwn-10-109615464-n)
kanker (eng-30-14475405-n); pech (eng-30-14475405-n); onheil (eng-30-14475405-n); ongeluk (eng-30-14475405-n); euvel (eng-30-14475405-n); kwaad (eng-30-14475405-n); rampspoed (eng-30-14475405-n)	lot (eng-30-11418460-n); zwijn (eng-30-11418460-n); geluk (eng-30-11418460-n); mazzel (eng-30-11418460-n); bof (eng-30-11418460-n); zwijntje (eng-30-11418460-n); fortuin (eng-30-11418460-n)
kunnen (eng-30-05616246-n); potentie (eng-30-05616246-n); macht (eng-30-05616246-n)	onvermogen (eng-30-05207130-n); insolvabiliteit (eng-30-05207130-n)
uitzien (odwn-10-101810497-v)	vrezen (eng-30-01780202-v); opkijken (eng-30-01780202-v); bang zijn (eng-30-01780202-v); duchten (eng-30-01780202-v); schrik hebben (eng-30-01780202-v); opzien (eng-30-01780202-v); aanhikken (eng-30-01780202-v); schrik hebben van (eng-30-01780202-v)
opgeven (odwn-10-105119319-v)	proberen (eng-30-02530167-v); trachten (eng-30-02530167-v); beproeven (eng-30-02530167-v); zien (eng-30-02530167-v); pogen (eng-30-02530167-v)
stilvallen (eng-30-00461354-v); stilzwijgen (eng-30-00461354-v); zwijgen (eng-30-00461354-v)	klessebessen (odwn-10-105584280-v)
uitgever (eng-30-10635460-n)	gierigaard (odwn-10-106587899-n)
credit (eng-30-13378518-n); krediet (eng-30-13378518-n)	tegoed (odwn-10-107265505-n)
onmogelijkheid (eng-30-14483126-n)	mogelijkheid (eng-30-05792010-n)
in de echt verbinden (eng-30-02488834-v); trouwen (eng-30-02488834-v); zich in de echt verbinden (eng-30-02488834-v); huwen (eng-30-02488834-v)	scheiden (eng-30-02490634-v)
ontvolken (odwn-10-105079136-v)	bevolken (eng-30-02649830-v)
zijn (eng-30-02655135-v); ophouden (eng-30-02655135-v); bevinden (eng-30-02655135-v); zitten (eng-30-02655135-v); uithangen (eng-30-02655135-v); pozen (eng-30-02655135-v); toeven (eng-30-02655135-v); verkeren (eng-30-02655135-v); verwijlen (eng-30-02655135-v); wezen (eng-30-02655135-v); vertoeven (eng-30-02655135-v)	gebrek hebben (eng-30-02632353-v); ontbreken (eng-30-02632353-v); missen (eng-30-02632353-v); schorten (eng-30-02632353-v); mankeren (eng-30-02632353-v)
capituleren (eng-30-01115585-v); overgeven (eng-30-01115585-v)	strijden (eng-30-01090335-v); vechten (eng-30-01090335-v); worstelen (eng-30-01090335-v); matten (eng-30-01090335-v); kampen (eng-30-01090335-v); knokken (eng-30-01090335-v)
wantrouwen (eng-30-00687926-v)	rekenen op (eng-30-00688377-v); rekenen (eng-30-00688377-v); leunen (eng-30-00688377-v); bouwen (eng-30-00688377-v); verlaten (eng-30-00688377-v); vertrouwen (eng-30-00688377-v); steunen (eng-30-00688377-v); geloven (eng-30-00688377-v)
binnenkomen (odwn-10-106046795-v)	opstappen (eng-30-02016523-v); binnengaan (eng-30-02016523-v); binnendringen (eng-30-02016523-v); ingaan (eng-30-02016523-v)
vastzitten (eng-30-01834485-v); hangen (eng-30-01834485-v); hechten (eng-30-01834485-v)	bewegen (eng-30-01831531-v)
inlezen (odwn-10-104989681-v)	schrijven (eng-30-01691057-v)
vertragen (eng-30-00440580-v)	verhaasten (eng-30-00438178-v); versnellen (eng-30-00438178-v)
afdalen (eng-30-01970826-v); dalen (eng-30-01970826-v); zakken (eng-30-01970826-v)	stijgen (odwn-10-106969472-v)
vrek (odwn-10-100430341-n)	uitgever (eng-30-10635460-n)
uitgever (eng-30-10635460-n)	schraper (odwn-10-109265014-n)
verlaging (eng-30-00351638-n); afname (eng-30-00351638-n); aftreden (eng-30-00351638-n); afneming (eng-30-00351638-n); reductie (eng-30-00351638-n); daling (eng-30-00351638-n); vermindering (eng-30-00351638-n); mindering (eng-30-00351638-n)	aanwas (eng-30-13497135-n); vermeerdering (eng-30-13497135-n); accres (eng-30-13497135-n); increment (eng-30-13497135-n); stijging (eng-30-13497135-n); toename (eng-30-13497135-n)
natmaken (eng-30-00214951-v)	dehydreren (eng-30-00218475-v); droogmaken (eng-30-00218475-v); drogen (eng-30-00218475-v); droogleggen (eng-30-00218475-v)
ratelen (odwn-10-106711262-v)	stilvallen (eng-30-00461354-v); stilzwijgen (eng-30-00461354-v); zwijgen (eng-30-00461354-v)
continueren (eng-30-02679899-v); voortgaan (eng-30-02679899-v); doorgaan (eng-30-02679899-v); voortbouwen (eng-30-02679899-v); voortzetten (eng-30-02679899-v); overgaan (eng-30-02679899-v); vervolgen (eng-30-02679899-v); staande houden (eng-30-02679899-v); blijven (eng-30-02679899-v)	sluiten (eng-30-00352826-v); opzeggen (eng-30-00352826-v); besluiten (eng-30-00352826-v); beëindigen (eng-30-00352826-v); stoppen (eng-30-00352826-v); termineren (eng-30-00352826-v); bedanken (eng-30-00352826-v); afsluiten (eng-30-00352826-v); eindigen (eng-30-00352826-v)
ontkleden (odwn-10-105816441-v)	kleden (eng-30-00047945-v); aankleden (eng-30-00047945-v)
uitladen (eng-30-01489465-v); lossen (eng-30-01489465-v); ontladen (eng-30-01489465-v)	laden (eng-30-01488956-v)
programmatuur (eng-30-06566077-n); software (eng-30-06566077-n)	apparatuur (eng-30-03493333-n); hardware (eng-30-03493333-n)
pareren (eng-30-00816353-v); riposteren (eng-30-00816353-v); teruggeven (eng-30-00816353-v)	terugkrijgen (eng-30-01111570-v); terugontvangen (eng-30-01111570-v)
kneus (eng-30-10273064-n); mislukkeling (eng-30-10273064-n); kneusje (eng-30-10273064-n); schlemiel (eng-30-10273064-n); pechvogel (eng-30-10273064-n); loser (eng-30-10273064-n); wanboffer (eng-30-10273064-n); verliezer (eng-30-10273064-n)	bofkont (odwn-10-102967644-n)
argwaan koesteren (eng-30-05698791-n); verdenking (eng-30-05698791-n); suspicie (eng-30-05698791-n); wantrouwen (eng-30-05698791-n); argwaan (eng-30-05698791-n); achterdocht (eng-30-05698791-n)	betrouwen (eng-30-05943066-n); vertrouwen (eng-30-05943066-n)
uitvouwen (eng-30-01579813-v); openvouwen (eng-30-01579813-v); ontvouwen (eng-30-01579813-v)	dichtvouwen (odwn-10-109308974-v)
niks (eng-30-13740168-n); nul (eng-30-13740168-n); niets (eng-30-13740168-n); iets (eng-30-13740168-n)	wezenlijkheid (eng-30-00001740-n); wezen (eng-30-00001740-n); iets (eng-30-00001740-n); entiteit (eng-30-00001740-n); het wezen (eng-30-00001740-n)
accepteren (odwn-10-108119026-v)	weigeren (eng-30-02237338-v); afwijzen (eng-30-02237338-v)
stilvallen (eng-30-00461354-v); stilzwijgen (eng-30-00461354-v); zwijgen (eng-30-00461354-v)	kleppen (odwn-10-101342913-v)
vastgrijpen (eng-30-01212572-v); vastpakken (eng-30-01212572-v); beetkrijgen (eng-30-01212572-v); vatten (eng-30-01212572-v); grijpen (eng-30-01212572-v); beetpakken (eng-30-01212572-v)	geven (eng-30-02199590-v)
