verbruiken (eng-30-01168468-v); consumeren (eng-30-01168468-v); nassen (eng-30-01168468-v); nuttigen (eng-30-01168468-v); bikken (eng-30-01168468-v); eten (eng-30-01168468-v); maaltijden (eng-30-01168468-v); tafelen (eng-30-01168468-v)	smikkelen (odwn-10-101621905-v)
begrip (eng-30-05805475-n); notie (eng-30-05805475-n); benul (eng-30-05805475-n); besef (eng-30-05805475-n); onderkenning (eng-30-05805475-n); verstajem (eng-30-05805475-n)	bewustzijn (odwn-10-105522369-n)
maken (odwn-10-106229252-v)	voortbrengen (eng-30-01752495-v)
lijn (eng-30-03670849-n)	draad (eng-30-04426788-n); garen (eng-30-04426788-n)
lijden (eng-30-01794668-v); afzien (eng-30-01794668-v)	krijgen (eng-30-02109190-v); lijden (eng-30-02109190-v)
resultaat (odwn-10-106016557-n)	effect (eng-30-11410625-n); gevolg (eng-30-11410625-n); uitvloeisel (eng-30-11410625-n); voortvloeisel (eng-30-11410625-n); uitkomst (eng-30-11410625-n); consequentie (eng-30-11410625-n); uitwerking (eng-30-11410625-n)
verrichten (eng-30-02413480-v); doen (eng-30-02413480-v); werken (eng-30-02413480-v)	plaatsvinden (eng-30-00339934-v); overstag gaan (eng-30-00339934-v); gebeuren (eng-30-00339934-v); doorgaan (eng-30-00339934-v); plaatshebben (eng-30-00339934-v); tot stand komen (eng-30-00339934-v)
overdenken (eng-30-00630380-v); stilstaan bij (eng-30-00630380-v); overwegen (eng-30-00630380-v); mediteren (eng-30-00630380-v); studeren (eng-30-00630380-v); overpeinzen (eng-30-00630380-v); contempleren (eng-30-00630380-v)	overwegen (eng-30-02166460-v); nadenken (eng-30-02166460-v); overdenken (eng-30-02166460-v); overpeinzen (eng-30-02166460-v)
effect (eng-30-11410625-n); gevolg (eng-30-11410625-n); uitvloeisel (eng-30-11410625-n); voortvloeisel (eng-30-11410625-n); uitkomst (eng-30-11410625-n); consequentie (eng-30-11410625-n); uitwerking (eng-30-11410625-n)	uitkomst (odwn-10-104104471-n)
kruid (eng-30-07812184-n); specerij (eng-30-07812184-n)	kruid (odwn-10-100104684-n)
consumptie-artikelen (eng-30-03093574-n); verbruiksgoederen (eng-30-03093574-n); consumptiegoederen (eng-30-03093574-n)	gebruiksvoorwerp (odwn-10-104044601-n)
wassen (eng-30-00231557-v); groeien (eng-30-00231557-v)	wassen (eng-30-00250181-v); groeien (eng-30-00250181-v)
delfstof (odwn-10-106905683-n)	mineraalwater (eng-30-14662574-n); mineraal (eng-30-14662574-n); delfstof (eng-30-14662574-n)
mediateur (eng-30-09624559-n); onderhandelaar (eng-30-09624559-n); middelaar (eng-30-09624559-n); trait-d\ (eng-30-09624559-n); tussenpersoon (eng-30-09624559-n); bemiddelaar (eng-30-09624559-n)	buffer (eng-30-02911158-n); stootblok (eng-30-02911158-n); stootkussen (eng-30-02911158-n)
verrichten (eng-30-02413480-v); doen (eng-30-02413480-v); werken (eng-30-02413480-v)	bezighouden (eng-30-02415831-v)
bovenhalen (eng-30-01759326-v); evoqueren (eng-30-01759326-v); oproepen (eng-30-01759326-v); ontlokken (eng-30-01759326-v); evoceren (eng-30-01759326-v); wekken (eng-30-01759326-v)	bezorgen (odwn-10-103828962-v)
stoffen (eng-30-14840092-n); afstoffen (eng-30-14840092-n); gruis (eng-30-14840092-n); stof (eng-30-14840092-n)	pulver (eng-30-14997012-n); stof (eng-30-14997012-n); poeder (eng-30-14997012-n); poeier (eng-30-14997012-n)
koopwaar (eng-30-03748886-n); waren (eng-30-03748886-n); product (eng-30-03748886-n); waar (eng-30-03748886-n); handelsgoederen (eng-30-03748886-n); handel (eng-30-03748886-n); handelswaar (eng-30-03748886-n); spul (eng-30-03748886-n)	goed (odwn-10-106221629-n)
boot (eng-30-02858304-n); schip (eng-30-02858304-n)	schip (eng-30-04194289-n); kiel (eng-30-04194289-n)
prins (eng-30-10472799-n); koningszoon (eng-30-10472799-n)	prins (eng-30-10473562-n)
mogelijkheid (eng-30-05792010-n)	kunnen (eng-30-05616246-n); potentie (eng-30-05616246-n); macht (eng-30-05616246-n)
spoor (eng-30-13773361-n)	spoor (eng-30-09460312-n)
school (odwn-10-102806605-n)	onderwijsinstelling (eng-30-08276342-n)
koopwaar (eng-30-03748886-n); waren (eng-30-03748886-n); product (eng-30-03748886-n); waar (eng-30-03748886-n); handelsgoederen (eng-30-03748886-n); handel (eng-30-03748886-n); handelswaar (eng-30-03748886-n); spul (eng-30-03748886-n)	goederen (odwn-10-103022467-n)
verhandelen (eng-30-02242464-v); slijten (eng-30-02242464-v); verkopen (eng-30-02242464-v)	kopen (odwn-10-103232899-v)
verbruiken (eng-30-01168468-v); consumeren (eng-30-01168468-v); nassen (eng-30-01168468-v); nuttigen (eng-30-01168468-v); bikken (eng-30-01168468-v); eten (eng-30-01168468-v); maaltijden (eng-30-01168468-v); tafelen (eng-30-01168468-v)	smullen (odwn-10-106845004-v)
bestoking (eng-30-00986938-n); beschieting (eng-30-00986938-n); vuur (eng-30-00986938-n)	schietpartij (eng-30-00122661-n); schot (eng-30-00122661-n)
geven (odwn-10-100993881-v)	bovenhalen (eng-30-01759326-v); evoqueren (eng-30-01759326-v); oproepen (eng-30-01759326-v); ontlokken (eng-30-01759326-v); evoceren (eng-30-01759326-v); wekken (eng-30-01759326-v)
gast (eng-30-10151133-n)	gast (eng-30-10150940-n); invité (eng-30-10150940-n); genodigde (eng-30-10150940-n)
verheugen (eng-30-01813884-v); verblijden (eng-30-01813884-v)	plezieren (odwn-10-103322561-v)
verzorging (eng-30-00665079-n)	zorg (eng-30-00654885-n)
kunnen (eng-30-05616246-n); potentie (eng-30-05616246-n); macht (eng-30-05616246-n)	mogelijkheid (eng-30-05792010-n)
prins (eng-30-10473562-n)	prins (eng-30-10472799-n); koningszoon (eng-30-10472799-n)
instrument (eng-30-03574816-n)	utensiliën (eng-30-04451818-n); werktuig (eng-30-04451818-n); gerei (eng-30-04451818-n); gereedschap (eng-30-04451818-n)
zothuis (eng-30-02820798-n); inrichting (eng-30-02820798-n); krankzinnigengesticht (eng-30-02820798-n); dolhuis (eng-30-02820798-n); gesticht (eng-30-02820798-n); gekkenhuis (eng-30-02820798-n)	instituut (eng-30-08407330-n); instelling (eng-30-08407330-n); genootschap (eng-30-08407330-n); inrichting (eng-30-08407330-n)
partner (eng-30-10402417-n)	maatje (eng-30-09877951-n); partner (eng-30-09877951-n); maat (eng-30-09877951-n); makker (eng-30-09877951-n)
sneeuwen (eng-30-11508382-n); sneeuwwit (eng-30-11508382-n); sneeuwval (eng-30-11508382-n); sneeuw (eng-30-11508382-n)	sneeuwbui (odwn-10-103877771-n)
houden (eng-30-02671880-v); beantwoorden (eng-30-02671880-v); vervullen (eng-30-02671880-v); voldoen (eng-30-02671880-v)	waarmaken (odwn-10-106728374-v)
storen (eng-30-00520357-v); onderbreken (eng-30-00520357-v)	verstoren (odwn-10-104063158-v)
compositum (odwn-10-109043440-n)	verbinding (eng-30-05870180-n)
metameer (eng-30-09429387-n); segment (eng-30-09429387-n); geleding (eng-30-09429387-n)	geleding (eng-30-09385911-n); portie (eng-30-09385911-n)
aanval (eng-30-08215495-n); voorhoede (eng-30-08215495-n)	front (odwn-10-102191771-n)
pulver (eng-30-14997012-n); stof (eng-30-14997012-n); poeder (eng-30-14997012-n); poeier (eng-30-14997012-n)	stoffen (eng-30-14840092-n); afstoffen (eng-30-14840092-n); gruis (eng-30-14840092-n); stof (eng-30-14840092-n)
bedreiging (eng-30-14543231-n)	bedreiging (eng-30-06733476-n)
voorhoede (odwn-10-108356493-n)	aanval (eng-30-08215495-n); voorhoede (eng-30-08215495-n)
beangstigen (eng-30-01779165-v); bang (eng-30-01779165-v)	verontrusten (odwn-10-100913084-v)
gebruiksvoorwerp (odwn-10-104044601-n)	consumptie-artikelen (eng-30-03093574-n); verbruiksgoederen (eng-30-03093574-n); consumptiegoederen (eng-30-03093574-n)
linesman (eng-30-10263259-n); grensrechter (eng-30-10263259-n); lijnrechter (eng-30-10263259-n)	scheidsrechter (eng-30-10514429-n); fluitist (eng-30-10514429-n); scheids (eng-30-10514429-n); arbiter (eng-30-10514429-n)
zinken (eng-30-01985923-v); zakken (eng-30-01985923-v); dalen (eng-30-01985923-v); neervallen (eng-30-01985923-v)	omkieperen (odwn-10-101076640-v)
goedheid (odwn-10-102389522-n)	koopwaar (eng-30-03748886-n); waren (eng-30-03748886-n); product (eng-30-03748886-n); waar (eng-30-03748886-n); handelsgoederen (eng-30-03748886-n); handel (eng-30-03748886-n); handelswaar (eng-30-03748886-n); spul (eng-30-03748886-n)
voorhoede (odwn-10-101125456-n)	avant-garde (eng-30-08465558-n); voorhoede (eng-30-08465558-n)
pil (eng-30-03936895-n); anticonceptiepil (eng-30-03936895-n)	pastille (eng-30-03936568-n); tablet (eng-30-03936568-n); zuigtablet (eng-30-03936568-n)
promotie (eng-30-07248801-n); reclame (eng-30-07248801-n); verkoopbevordering (eng-30-07248801-n); sales-promotion (eng-30-07248801-n); promoting (eng-30-07248801-n); advertentie (eng-30-07248801-n); salespromotion (eng-30-07248801-n)	reclame (odwn-10-108666333-n)
omkieperen (odwn-10-101076640-v)	zinken (eng-30-01985923-v); zakken (eng-30-01985923-v); dalen (eng-30-01985923-v); neervallen (eng-30-01985923-v)
kiepen (odwn-10-103984738-v)	kapseizen (eng-30-01909397-v); omverwerpen (eng-30-01909397-v); wentelen (eng-30-01909397-v); omslaan (eng-30-01909397-v); kantelen (eng-30-01909397-v)
bovenhalen (eng-30-01759326-v); evoqueren (eng-30-01759326-v); oproepen (eng-30-01759326-v); ontlokken (eng-30-01759326-v); evoceren (eng-30-01759326-v); wekken (eng-30-01759326-v)	doen (odwn-10-107125666-v)
hoogte (eng-30-05002352-n)	niveau (eng-30-05131283-n); hoogte (eng-30-05131283-n)
uitkomst (odwn-10-104104471-n)	effect (eng-30-11410625-n); gevolg (eng-30-11410625-n); uitvloeisel (eng-30-11410625-n); voortvloeisel (eng-30-11410625-n); uitkomst (eng-30-11410625-n); consequentie (eng-30-11410625-n); uitwerking (eng-30-11410625-n)
uiten (eng-30-00943837-v); aantonen (eng-30-00943837-v)	uiten (eng-30-00940384-v)
maatstaf (eng-30-13854488-n); criterium (eng-30-13854488-n); graadmeter (eng-30-13854488-n); norm (eng-30-13854488-n); normering (eng-30-13854488-n); standaard (eng-30-13854488-n)	graadmeter (eng-30-07260623-n); standaard (eng-30-07260623-n); maatstaf (eng-30-07260623-n); norm (eng-30-07260623-n); toetssteen (eng-30-07260623-n); normering (eng-30-07260623-n); criterium (eng-30-07260623-n)
monocle (eng-30-03783430-n)	bril (eng-30-04272054-n); fok (eng-30-04272054-n)
aas (eng-30-05695232-n); lokaas (eng-30-05695232-n); lokmiddel (eng-30-05695232-n); lokkertje (eng-30-05695232-n)	eye-catcher (eng-30-05812813-n); blikvanger (eng-30-05812813-n); eyecatcher (eng-30-05812813-n)
verheugen (eng-30-01813884-v); verblijden (eng-30-01813884-v)	uitzien (odwn-10-101810497-v)
regel (eng-30-06652242-n); voorschrift (eng-30-06652242-n)	regel (eng-30-05667613-n); conventie (eng-30-05667613-n); mores (eng-30-05667613-n); formaliteit (eng-30-05667613-n); formule (eng-30-05667613-n)
landouwen (eng-30-08644722-n); open veld (eng-30-08644722-n); platteland (eng-30-08644722-n); grondgebied (eng-30-08644722-n); landerijen (eng-30-08644722-n); land (eng-30-08644722-n); provincie (eng-30-08644722-n)	land (odwn-10-108466870-n)
rollen (eng-30-01866192-v)	rollen (eng-30-01887020-v)
pas (eng-30-06500937-n); in godsnaam (eng-30-06500937-n); paspoort (eng-30-06500937-n)	pasje (odwn-10-100955750-n)
indrijven (odwn-10-106776472-v)	uithalen (eng-30-01400044-v); een opduvel geven (eng-30-01400044-v); kloppen (eng-30-01400044-v); treffen (eng-30-01400044-v); raken (eng-30-01400044-v); kletsen (eng-30-01400044-v); slaan (eng-30-01400044-v)
conflict (eng-30-00958896-n); strijd (eng-30-00958896-n); veldslag (eng-30-00958896-n); zeeslag (eng-30-00958896-n); incident (eng-30-00958896-n); slag (eng-30-00958896-n)	geweld (eng-30-00965404-n); gewelddadigheid (eng-30-00965404-n); bruutheid (eng-30-00965404-n)
stutbalk (eng-30-03601840-n); schoor (eng-30-03601840-n); rib (eng-30-03601840-n); dwarsbalk (eng-30-03601840-n); legger (eng-30-03601840-n); vloerbalk (eng-30-03601840-n); steunbalk (eng-30-03601840-n)	steun (eng-30-04359589-n); stut (eng-30-04359589-n)
utensiliën (eng-30-04451818-n); werktuig (eng-30-04451818-n); gerei (eng-30-04451818-n); gereedschap (eng-30-04451818-n)	toestel (eng-30-02727825-n); apparaat (eng-30-02727825-n)
borduren (odwn-10-102875395-v)	naaien (eng-30-01329239-v)
Aphrodite (eng-30-09554132-n); Afrodite (eng-30-09554132-n); Cytherea (eng-30-09554132-n)	Venus (eng-30-09555127-n)
kapseizen (eng-30-01909397-v); omverwerpen (eng-30-01909397-v); wentelen (eng-30-01909397-v); omslaan (eng-30-01909397-v); kantelen (eng-30-01909397-v)	kiepen (odwn-10-103984738-v)
draad (eng-30-04426788-n); garen (eng-30-04426788-n)	touw (eng-30-03106110-n); koord (eng-30-03106110-n)
regel (eng-30-05667613-n); conventie (eng-30-05667613-n); mores (eng-30-05667613-n); formaliteit (eng-30-05667613-n); formule (eng-30-05667613-n)	regel (eng-30-06652242-n); voorschrift (eng-30-06652242-n)
compositie (odwn-10-105839948-n)	verbinding (eng-30-05870180-n)
omvallen (odwn-10-101248763-v)	zinken (eng-30-01985923-v); zakken (eng-30-01985923-v); dalen (eng-30-01985923-v); neervallen (eng-30-01985923-v)
vragen (eng-30-00897746-v)	vragen (eng-30-00752764-v)
steken (odwn-10-102491109-v)	prikken (eng-30-01230350-v); priemen (eng-30-01230350-v); steken (eng-30-01230350-v)
doorzien (eng-30-02152278-v); doorkijken (eng-30-02152278-v); doorbladeren (eng-30-02152278-v)	doorkijken (odwn-10-105026356-v)
umpire (eng-30-10735984-n); fluitist (eng-30-10735984-n); arbiter (eng-30-10735984-n); scheids (eng-30-10735984-n)	linesman (eng-30-10263259-n); grensrechter (eng-30-10263259-n); lijnrechter (eng-30-10263259-n)
zijde (eng-30-05551318-n); zijkant (eng-30-05551318-n); zij (eng-30-05551318-n)	grens (eng-30-02875013-n); rand (eng-30-02875013-n); kant (eng-30-02875013-n); border (eng-30-02875013-n); kantje (eng-30-02875013-n)
vervaardigen (odwn-10-103752037-v)	voortbrengen (eng-30-01752495-v)
liftkooi (eng-30-02936714-n); box (eng-30-02936714-n); kooi (eng-30-02936714-n)	hok (eng-30-03550289-n); kot (eng-30-03550289-n)
oudje (eng-30-02723754-n); antiek (eng-30-02723754-n)	oudheid (eng-30-02724026-n); antiquiteit (eng-30-02724026-n)
bewustzijn (odwn-10-105522369-n)	kennisneming (eng-30-05675905-n); besef (eng-30-05675905-n); notie (eng-30-05675905-n); begrip (eng-30-05675905-n); benul (eng-30-05675905-n); onderkenning (eng-30-05675905-n)
schok (eng-30-00335988-n)	trilling (eng-30-14004572-n); beving (eng-30-14004572-n); vibratie (eng-30-14004572-n)
willen (odwn-10-101242686-v)	houden (eng-30-01775164-v); mogen (eng-30-01775164-v); moeten (eng-30-01775164-v); geven (eng-30-01775164-v); gek zijn op (eng-30-01775164-v); believen (eng-30-01775164-v); hechten (eng-30-01775164-v); houden van (eng-30-01775164-v); blieven (eng-30-01775164-v)
vuil (odwn-10-109194713-n)	vuil (eng-30-14821984-n); verontreiniging (eng-30-14821984-n)
resulteren (eng-30-02634265-v); uitvallen (eng-30-02634265-v); uitdraaien (eng-30-02634265-v); vallen (eng-30-02634265-v); bekomen (eng-30-02634265-v); uitlopen (eng-30-02634265-v); leiden (eng-30-02634265-v); uitmonden (eng-30-02634265-v); uitpakken (eng-30-02634265-v)	teweegbrengen (eng-30-01645601-v); veroorzaken (eng-30-01645601-v); leiden (eng-30-01645601-v)
prikken (eng-30-01230350-v); priemen (eng-30-01230350-v); steken (eng-30-01230350-v)	steken (odwn-10-102491109-v)
onderwijsinstelling (eng-30-08276342-n)	school (odwn-10-102806605-n)
wegwaaien (eng-30-01290945-v)	afwaaien (odwn-10-103137243-v)
dienen (odwn-10-101083679-v)	utiliseren (eng-30-01158872-v); gebruiken (eng-30-01158872-v); aanwenden (eng-30-01158872-v); verwerken (eng-30-01158872-v); pakken (eng-30-01158872-v); bezigen (eng-30-01158872-v); nemen (eng-30-01158872-v); benutten (eng-30-01158872-v); hanteren (eng-30-01158872-v); toepassen (eng-30-01158872-v)
vertegenwoordiging (eng-30-08402442-n); gezantschap (eng-30-08402442-n); afvaardiging (eng-30-08402442-n); legatie (eng-30-08402442-n); zending (eng-30-08402442-n); delegatie (eng-30-08402442-n); missie (eng-30-08402442-n); deputatie (eng-30-08402442-n)	missie (odwn-10-100023826-n)
laten (eng-30-02721438-v)	laten (eng-30-00771490-v)
papieren (eng-30-06470073-n); paperassen (eng-30-06470073-n); document (eng-30-06470073-n); papier (eng-30-06470073-n)	getuigenis (eng-30-06733939-n); bewijs (eng-30-06733939-n); bewijsstuk (eng-30-06733939-n)
goederen (odwn-10-103022467-n)	waren (eng-30-03076708-n); handel (eng-30-03076708-n); negotie (eng-30-03076708-n); handelsgoederen (eng-30-03076708-n); spul (eng-30-03076708-n); koopwaar (eng-30-03076708-n); handelswaar (eng-30-03076708-n); waar (eng-30-03076708-n)
gewas (odwn-10-101513765-n)	botanica (eng-30-08436759-n); vegetatie (eng-30-08436759-n); plantengroei (eng-30-08436759-n); plantenleven (eng-30-08436759-n); gewas (eng-30-08436759-n)
toestel (eng-30-03183080-n); apparaat (eng-30-03183080-n)	utensiliën (eng-30-04451818-n); werktuig (eng-30-04451818-n); gerei (eng-30-04451818-n); gereedschap (eng-30-04451818-n)
replica (eng-30-04076533-n); kopie (eng-30-04076533-n)	reproductie (odwn-10-104734363-n)
zinken (eng-30-01985923-v); zakken (eng-30-01985923-v); dalen (eng-30-01985923-v); neervallen (eng-30-01985923-v)	omvallen (odwn-10-101248763-v)
vuil (eng-30-14821984-n); verontreiniging (eng-30-14821984-n)	vuiligheid (odwn-10-102750421-n)
invliegen (odwn-10-103557675-v)	voorzien (eng-30-02327200-v)
plan (eng-30-05898568-n); ontwerp (eng-30-05898568-n); bedoeling (eng-30-05898568-n); voornemen (eng-30-05898568-n); bestek (eng-30-05898568-n); idee (eng-30-05898568-n)	intentie (eng-30-05982152-n); zin (eng-30-05982152-n); inzicht (eng-30-05982152-n); opzet (eng-30-05982152-n); voornemen (eng-30-05982152-n); bedoeling (eng-30-05982152-n)
vorsen (odwn-10-108689381-v)	uitzoeken (eng-30-00657550-v); sorteren (eng-30-00657550-v)
instructie (eng-30-07170080-n); directief (eng-30-07170080-n); voorschrift (eng-30-07170080-n); richtlijn (eng-30-07170080-n)	wet (odwn-10-104923503-n)
boetedoening (eng-30-00095121-n); penitentie (eng-30-00095121-n)	boetedoening (eng-30-01160342-n); afstraffing (eng-30-01160342-n); bestraffing (eng-30-01160342-n); repressie (eng-30-01160342-n); straf (eng-30-01160342-n)
goed (odwn-10-106221629-n)	koopwaar (eng-30-03748886-n); waren (eng-30-03748886-n); product (eng-30-03748886-n); waar (eng-30-03748886-n); handelsgoederen (eng-30-03748886-n); handel (eng-30-03748886-n); handelswaar (eng-30-03748886-n); spul (eng-30-03748886-n)
beogen (eng-30-01150559-v)	bedoelen (eng-30-00708538-v); menen (eng-30-00708538-v); beogen (eng-30-00708538-v); intenderen (eng-30-00708538-v)
storen (eng-30-00520357-v); onderbreken (eng-30-00520357-v)	onderbreken (eng-30-00362805-v)
zwaaien (eng-30-01876530-v); slingeren (eng-30-01876530-v)	zwaaien (eng-30-01446901-v); zwenken (eng-30-01446901-v); wapperen (eng-30-01446901-v)
zorg (eng-30-00654885-n)	verzorging (eng-30-00665079-n)
grens (eng-30-02875013-n); rand (eng-30-02875013-n); kant (eng-30-02875013-n); border (eng-30-02875013-n); kantje (eng-30-02875013-n)	zijde (eng-30-05551318-n); zijkant (eng-30-05551318-n); zij (eng-30-05551318-n)
baan (eng-30-03119790-n)	straatweg (eng-30-04096066-n); weg (eng-30-04096066-n); steenweg (eng-30-04096066-n); straat (eng-30-04096066-n); baan (eng-30-04096066-n)
uitzoeken (eng-30-00657550-v); sorteren (eng-30-00657550-v)	uitvlooien (odwn-10-106413037-v)
mogelijkheid (eng-30-05792010-n)	bekwaamheid (eng-30-05200169-n); vermogen (eng-30-05200169-n); kunnen (eng-30-05200169-n); begaafdheid (eng-30-05200169-n); macht (eng-30-05200169-n); potentie (eng-30-05200169-n); talent (eng-30-05200169-n); geschiktheid (eng-30-05200169-n); vaardigheid (eng-30-05200169-n)
regel (eng-30-05846054-n)	regel (eng-30-06652242-n); voorschrift (eng-30-06652242-n)
vervullen (odwn-10-101474174-v)	houden (eng-30-02671880-v); beantwoorden (eng-30-02671880-v); vervullen (eng-30-02671880-v); voldoen (eng-30-02671880-v)
stemming (eng-30-14524661-n); sfeer (eng-30-14524661-n); klimaat (eng-30-14524661-n); atmosfeer (eng-30-14524661-n)	sfeer (odwn-10-104352308-n)
eten (eng-30-01166351-v); tafelen (eng-30-01166351-v); maaltijden (eng-30-01166351-v); vreten (eng-30-01166351-v)	smullen (odwn-10-106845004-v)
zeer (eng-30-14322699-n); pijn (eng-30-14322699-n)	schade (eng-30-00403092-n)
onweer (eng-30-11519253-n); onweersbui (eng-30-11519253-n)	onweer (odwn-10-103747643-n)
rollen (eng-30-01887020-v)	rollen (eng-30-01866192-v)
koopwaar (eng-30-03748886-n); waren (eng-30-03748886-n); product (eng-30-03748886-n); waar (eng-30-03748886-n); handelsgoederen (eng-30-03748886-n); handel (eng-30-03748886-n); handelswaar (eng-30-03748886-n); spul (eng-30-03748886-n)	goedheid (odwn-10-102389522-n)
bril (eng-30-04272054-n); fok (eng-30-04272054-n)	monocle (eng-30-03783430-n)
platform (odwn-10-103525269-n)	spreekgestoelte (eng-30-03159640-n); ereschavot (eng-30-03159640-n); estrade (eng-30-03159640-n); schavot (eng-30-03159640-n); erepodium (eng-30-03159640-n); platform (eng-30-03159640-n); preekstoel (eng-30-03159640-n); kansel (eng-30-03159640-n)
achterland (eng-30-08424951-n); marktplein (eng-30-08424951-n); afzetgebied (eng-30-08424951-n); markt (eng-30-08424951-n)	achterland (eng-30-08502672-n); uithoek (eng-30-08502672-n); platteland (eng-30-08502672-n); hinterland (eng-30-08502672-n); binnenland (eng-30-08502672-n)
utensiliën (eng-30-04451818-n); werktuig (eng-30-04451818-n); gerei (eng-30-04451818-n); gereedschap (eng-30-04451818-n)	toestel (eng-30-03183080-n); apparaat (eng-30-03183080-n)
plezieren (odwn-10-103322561-v)	verheugen (eng-30-01813884-v); verblijden (eng-30-01813884-v)
omgaan (odwn-10-104769788-v)	zinken (eng-30-01985923-v); zakken (eng-30-01985923-v); dalen (eng-30-01985923-v); neervallen (eng-30-01985923-v)
trilling (eng-30-14004572-n); beving (eng-30-14004572-n); vibratie (eng-30-14004572-n)	schok (eng-30-00335988-n)
duren (eng-30-00118523-v); voortduren (eng-30-00118523-v); lopen (eng-30-00118523-v); aanhouden (eng-30-00118523-v); continueren (eng-30-00118523-v); doorgaan (eng-30-00118523-v); doorlopen (eng-30-00118523-v)	continueren (eng-30-02679899-v); voortgaan (eng-30-02679899-v); doorgaan (eng-30-02679899-v); voortbouwen (eng-30-02679899-v); voortzetten (eng-30-02679899-v); overgaan (eng-30-02679899-v); vervolgen (eng-30-02679899-v); staande houden (eng-30-02679899-v); blijven (eng-30-02679899-v)
doen (odwn-10-107125666-v)	bovenhalen (eng-30-01759326-v); evoqueren (eng-30-01759326-v); oproepen (eng-30-01759326-v); ontlokken (eng-30-01759326-v); evoceren (eng-30-01759326-v); wekken (eng-30-01759326-v)
sfeer (odwn-10-104352308-n)	stemming (eng-30-14524661-n); sfeer (eng-30-14524661-n); klimaat (eng-30-14524661-n); atmosfeer (eng-30-14524661-n)
gebeuren (eng-30-00345000-v); overkomen (eng-30-00345000-v); geworden (eng-30-00345000-v); geschieden (eng-30-00345000-v)	meemaken (eng-30-02110220-v); doorleven (eng-30-02110220-v); beleven (eng-30-02110220-v)
afkomen (eng-30-00484166-v); volbrengen (eng-30-00484166-v); afmaken (eng-30-00484166-v); afkrijgen (eng-30-00484166-v); voleinden (eng-30-00484166-v); klaarkrijgen (eng-30-00484166-v); gereedkomen (eng-30-00484166-v); voltooien (eng-30-00484166-v); voleindigen (eng-30-00484166-v); afronden (eng-30-00484166-v)	uitrijden (odwn-10-103224825-v)
afstompen (eng-30-00228019-v)	vervlakken (eng-30-00192051-v); afstompen (eng-30-00192051-v)
maatje (eng-30-09877951-n); partner (eng-30-09877951-n); maat (eng-30-09877951-n); makker (eng-30-09877951-n)	partner (eng-30-10402417-n)
vuil (eng-30-14821984-n); verontreiniging (eng-30-14821984-n)	afval (eng-30-14856263-n); afvalstof (eng-30-14856263-n)
produceren (odwn-10-104510056-v)	voortbrengen (eng-30-01752495-v)
houden (eng-30-01775164-v); mogen (eng-30-01775164-v); moeten (eng-30-01775164-v); geven (eng-30-01775164-v); gek zijn op (eng-30-01775164-v); believen (eng-30-01775164-v); hechten (eng-30-01775164-v); houden van (eng-30-01775164-v); blieven (eng-30-01775164-v)	willen (odwn-10-101242686-v)
uitvogelen (odwn-10-109215050-v)	uitzoeken (eng-30-00657550-v); sorteren (eng-30-00657550-v)
verplichten (odwn-10-105130739-v)	dwingen (eng-30-02504562-v); forceren (eng-30-02504562-v); knijpen (eng-30-02504562-v)
achterland (eng-30-08502672-n); uithoek (eng-30-08502672-n); platteland (eng-30-08502672-n); hinterland (eng-30-08502672-n); binnenland (eng-30-08502672-n)	achterland (eng-30-08424951-n); marktplein (eng-30-08424951-n); afzetgebied (eng-30-08424951-n); markt (eng-30-08424951-n)
spoor (eng-30-09460312-n)	spoor (eng-30-13773361-n)
speculatie (odwn-10-109999092-n)	denk (eng-30-06782680-n); giswerk (eng-30-06782680-n); vermoeden (eng-30-06782680-n); speculatie (eng-30-06782680-n)
bekommeren om (eng-30-02549581-v); behandelen (eng-30-02549581-v); aandacht besteden aan (eng-30-02549581-v); zorgen (eng-30-02549581-v)	oppassen (eng-30-02550296-v); verzorgen (eng-30-02550296-v)
avant-garde (eng-30-08465558-n); voorhoede (eng-30-08465558-n)	voorhoede (odwn-10-101125456-n)
verbinding (eng-30-05870180-n)	samenstelling (odwn-10-103139537-n)
verteren (eng-30-01197338-v)	verteren (odwn-10-100009110-v)
front (odwn-10-102191771-n)	aanval (eng-30-08215495-n); voorhoede (eng-30-08215495-n)
voortbrengen (eng-30-01752495-v)	maken (odwn-10-106229252-v)
forceren (odwn-10-109847100-v)	dwingen (eng-30-02504562-v); forceren (eng-30-02504562-v); knijpen (eng-30-02504562-v)
eindstation (odwn-10-109747342-n)	eindbestemming (eng-30-05980875-n)
aanspraak (eng-30-01061945-n); claim (eng-30-01061945-n)	aanspraak (odwn-10-109022472-n)
vertrek (eng-30-03003730-n)	plaats (eng-30-04105893-n); ruimte (eng-30-04105893-n); vertrek (eng-30-04105893-n); kamer (eng-30-04105893-n)
proces (eng-30-08377085-n); rij (eng-30-08377085-n); verloop (eng-30-08377085-n)	bediening (eng-30-00577068-n)
vliegen (eng-30-01941093-v)	invliegen (odwn-10-103557675-v)
waren (eng-30-03076708-n); handel (eng-30-03076708-n); negotie (eng-30-03076708-n); handelsgoederen (eng-30-03076708-n); spul (eng-30-03076708-n); koopwaar (eng-30-03076708-n); handelswaar (eng-30-03076708-n); waar (eng-30-03076708-n)	goed (odwn-10-106221629-n)
niveau (eng-30-05131283-n); hoogte (eng-30-05131283-n)	hoogte (eng-30-05002352-n)
gebogen lijn (eng-30-13867641-n); curve (eng-30-13867641-n)	slinger (odwn-10-100683812-n)
prescriptie (eng-30-00805034-n); voorschrift (eng-30-00805034-n); reglement (eng-30-00805034-n); verordening (eng-30-00805034-n); statuut (eng-30-00805034-n); ordonnantie (eng-30-00805034-n)	arrangement (eng-30-07177924-n); oplossing (eng-30-07177924-n); regeling (eng-30-07177924-n)
verbinding (eng-30-05870180-n)	compositie (odwn-10-105839948-n)
vaststellen (eng-30-00699815-v); stellen (eng-30-00699815-v); bepalen (eng-30-00699815-v)	vaststellen (odwn-10-100933589-v)
graadmeter (eng-30-07260623-n); standaard (eng-30-07260623-n); maatstaf (eng-30-07260623-n); norm (eng-30-07260623-n); toetssteen (eng-30-07260623-n); normering (eng-30-07260623-n); criterium (eng-30-07260623-n)	maatstaf (eng-30-13854488-n); criterium (eng-30-13854488-n); graadmeter (eng-30-13854488-n); norm (eng-30-13854488-n); normering (eng-30-13854488-n); standaard (eng-30-13854488-n)
receptuur (eng-30-01023820-n); bereidingswijze (eng-30-01023820-n); procedure (eng-30-01023820-n)	proces (eng-30-08377085-n); rij (eng-30-08377085-n); verloop (eng-30-08377085-n)
proces (eng-30-08377085-n); rij (eng-30-08377085-n); verloop (eng-30-08377085-n)	receptuur (eng-30-01023820-n); bereidingswijze (eng-30-01023820-n); procedure (eng-30-01023820-n)
waren (eng-30-03076708-n); handel (eng-30-03076708-n); negotie (eng-30-03076708-n); handelsgoederen (eng-30-03076708-n); spul (eng-30-03076708-n); koopwaar (eng-30-03076708-n); handelswaar (eng-30-03076708-n); waar (eng-30-03076708-n)	goederen (odwn-10-103022467-n)
inspringen (eng-30-01745377-v)	terugspringen (odwn-10-106026380-v)
geweld (eng-30-00965404-n); gewelddadigheid (eng-30-00965404-n); bruutheid (eng-30-00965404-n)	conflict (eng-30-00958896-n); strijd (eng-30-00958896-n); veldslag (eng-30-00958896-n); zeeslag (eng-30-00958896-n); incident (eng-30-00958896-n); slag (eng-30-00958896-n)
samenstelling (odwn-10-103139537-n)	verbinding (eng-30-05870180-n)
houden (eng-30-02671880-v); beantwoorden (eng-30-02671880-v); vervullen (eng-30-02671880-v); voldoen (eng-30-02671880-v)	vervullen (odwn-10-101474174-v)
steun (eng-30-04359589-n); stut (eng-30-04359589-n)	stutbalk (eng-30-03601840-n); schoor (eng-30-03601840-n); rib (eng-30-03601840-n); dwarsbalk (eng-30-03601840-n); legger (eng-30-03601840-n); vloerbalk (eng-30-03601840-n); steunbalk (eng-30-03601840-n)
uitvissen (odwn-10-104967398-v)	uitzoeken (eng-30-00657550-v); sorteren (eng-30-00657550-v)
goedheid (odwn-10-102389522-n)	waren (eng-30-03076708-n); handel (eng-30-03076708-n); negotie (eng-30-03076708-n); handelsgoederen (eng-30-03076708-n); spul (eng-30-03076708-n); koopwaar (eng-30-03076708-n); handelswaar (eng-30-03076708-n); waar (eng-30-03076708-n)
missie (odwn-10-100023826-n)	vertegenwoordiging (eng-30-08402442-n); gezantschap (eng-30-08402442-n); afvaardiging (eng-30-08402442-n); legatie (eng-30-08402442-n); zending (eng-30-08402442-n); delegatie (eng-30-08402442-n); missie (eng-30-08402442-n); deputatie (eng-30-08402442-n)
boetedoening (eng-30-01160342-n); afstraffing (eng-30-01160342-n); bestraffing (eng-30-01160342-n); repressie (eng-30-01160342-n); straf (eng-30-01160342-n)	boetedoening (eng-30-00095121-n); penitentie (eng-30-00095121-n)
verheugen (odwn-10-103384373-v)	verheugen (eng-30-01813884-v); verblijden (eng-30-01813884-v)
individu (eng-30-00007846-n); deze of gene (eng-30-00007846-n); mens (eng-30-00007846-n); iemand (eng-30-00007846-n); man (eng-30-00007846-n); persoon (eng-30-00007846-n); figuur (eng-30-00007846-n)	particulier (odwn-10-108725714-n)
uitzoeken (eng-30-00657550-v); sorteren (eng-30-00657550-v)	uitdokteren (odwn-10-101965375-v)
pasje (odwn-10-100955750-n)	pas (eng-30-06500937-n); in godsnaam (eng-30-06500937-n); paspoort (eng-30-06500937-n)
aanspraak (eng-30-01061945-n); claim (eng-30-01061945-n)	recht (odwn-10-109516118-n)
bekwaamheid (eng-30-05200169-n); vermogen (eng-30-05200169-n); kunnen (eng-30-05200169-n); begaafdheid (eng-30-05200169-n); macht (eng-30-05200169-n); potentie (eng-30-05200169-n); talent (eng-30-05200169-n); geschiktheid (eng-30-05200169-n); vaardigheid (eng-30-05200169-n)	mogelijkheid (eng-30-05792010-n)
oefening (eng-30-00729919-n); vraag (eng-30-00729919-n); oefenen (eng-30-00729919-n); opgaaf (eng-30-00729919-n); opdracht (eng-30-00729919-n); opgave (eng-30-00729919-n); exercitie (eng-30-00729919-n)	oefening (eng-30-00894552-n)
pak (eng-30-03871083-n); pakket (eng-30-03871083-n); pakje (eng-30-03871083-n); vrachtstuk (eng-30-03871083-n)	pak (eng-30-03871628-n); pakje (eng-30-03871628-n)
stroken (eng-30-02657219-v); overeenkomen (eng-30-02657219-v); rijmen (eng-30-02657219-v); overeenstemmen (eng-30-02657219-v); sluiten (eng-30-02657219-v)	aarden (eng-30-02665282-v); trekken (eng-30-02665282-v); neigen (eng-30-02665282-v); gelijken (eng-30-02665282-v); lijken (eng-30-02665282-v); lijken op (eng-30-02665282-v)
mandant (eng-30-09984659-n); cliënt (eng-30-09984659-n); lastgever (eng-30-09984659-n); principaal (eng-30-09984659-n); klant (eng-30-09984659-n); committent (eng-30-09984659-n); opdrachtgever (eng-30-09984659-n); machtgever (eng-30-09984659-n); mandator (eng-30-09984659-n)	consument (eng-30-09612848-n); verbruiker (eng-30-09612848-n)
zwemen (eng-30-02719399-v); plegen (eng-30-02719399-v)	neigen (eng-30-02732148-v); tenderen (eng-30-02732148-v)
buffer (eng-30-02911158-n); stootblok (eng-30-02911158-n); stootkussen (eng-30-02911158-n)	mediateur (eng-30-09624559-n); onderhandelaar (eng-30-09624559-n); middelaar (eng-30-09624559-n); trait-d\ (eng-30-09624559-n); tussenpersoon (eng-30-09624559-n); bemiddelaar (eng-30-09624559-n)
zinken (eng-30-01985923-v); zakken (eng-30-01985923-v); dalen (eng-30-01985923-v); neervallen (eng-30-01985923-v)	omgaan (odwn-10-104769788-v)
recht (odwn-10-109516118-n)	aanspraak (eng-30-01061945-n); claim (eng-30-01061945-n)
toestel (eng-30-03183080-n); apparaat (eng-30-03183080-n)	instrument (eng-30-03574816-n)
geleding (eng-30-09385911-n); portie (eng-30-09385911-n)	metameer (eng-30-09429387-n); segment (eng-30-09429387-n); geleding (eng-30-09429387-n)
bovenhalen (eng-30-01759326-v); evoqueren (eng-30-01759326-v); oproepen (eng-30-01759326-v); ontlokken (eng-30-01759326-v); evoceren (eng-30-01759326-v); wekken (eng-30-01759326-v)	geven (odwn-10-100993881-v)
kopen (odwn-10-103232899-v)	verhandelen (eng-30-02242464-v); slijten (eng-30-02242464-v); verkopen (eng-30-02242464-v)
verhoren (odwn-10-100772482-v)	houden (eng-30-02671880-v); beantwoorden (eng-30-02671880-v); vervullen (eng-30-02671880-v); voldoen (eng-30-02671880-v)
blouse (eng-30-02854926-n); bloes (eng-30-02854926-n)	shirt (eng-30-04197391-n); overhemd (eng-30-04197391-n); hemd (eng-30-04197391-n)
gast (eng-30-10150940-n); invité (eng-30-10150940-n); genodigde (eng-30-10150940-n)	gast (eng-30-10151133-n)
introductie (eng-30-00238022-n); tewaterlating (eng-30-00238022-n); invoering (eng-30-00238022-n)	introductie (eng-30-00240184-n); stichting (eng-30-00240184-n); formatie (eng-30-00240184-n); vorming (eng-30-00240184-n); grondvesting (eng-30-00240184-n); inleiding (eng-30-00240184-n); creatie (eng-30-00240184-n)
vezelplaat (odwn-10-108751275-n)	board (eng-30-15101854-n); houtvezelplaat (eng-30-15101854-n); houtboard (eng-30-15101854-n); plank (eng-30-15101854-n)
oudheid (eng-30-02724026-n); antiquiteit (eng-30-02724026-n)	oudje (eng-30-02723754-n); antiek (eng-30-02723754-n)
kieperen (odwn-10-102627457-v)	zinken (eng-30-01985923-v); zakken (eng-30-01985923-v); dalen (eng-30-01985923-v); neervallen (eng-30-01985923-v)
houden (eng-30-02671880-v); beantwoorden (eng-30-02671880-v); vervullen (eng-30-02671880-v); voldoen (eng-30-02671880-v)	verhoren (odwn-10-100772482-v)
sluiten (eng-30-00352826-v); opzeggen (eng-30-00352826-v); besluiten (eng-30-00352826-v); beëindigen (eng-30-00352826-v); stoppen (eng-30-00352826-v); termineren (eng-30-00352826-v); bedanken (eng-30-00352826-v); afsluiten (eng-30-00352826-v); eindigen (eng-30-00352826-v)	stilleggen (eng-30-02609764-v); eindigen (eng-30-02609764-v); stoppen (eng-30-02609764-v); uitscheiden (eng-30-02609764-v); nokken (eng-30-02609764-v); ophouden (eng-30-02609764-v)
vaststellen (eng-30-00699815-v); stellen (eng-30-00699815-v); bepalen (eng-30-00699815-v)	constateren (odwn-10-106229056-v)
krijgen (eng-30-02109190-v); lijden (eng-30-02109190-v)	lijden (eng-30-01794668-v); afzien (eng-30-01794668-v)
utiliseren (eng-30-01158872-v); gebruiken (eng-30-01158872-v); aanwenden (eng-30-01158872-v); verwerken (eng-30-01158872-v); pakken (eng-30-01158872-v); bezigen (eng-30-01158872-v); nemen (eng-30-01158872-v); benutten (eng-30-01158872-v); hanteren (eng-30-01158872-v); toepassen (eng-30-01158872-v)	strekken (odwn-10-101478032-v)
uitrijden (odwn-10-103224825-v)	rijden (eng-30-01955984-v); verrijden (eng-30-01955984-v)
lexicon (odwn-10-101762915-n)	vertaalwoordenboek (eng-30-06418901-n); lexicon (eng-30-06418901-n); woordenboek (eng-30-06418901-n); dictionaire (eng-30-06418901-n)
kruid (odwn-10-100104684-n)	kruid (eng-30-07812184-n); specerij (eng-30-07812184-n)
instrument (eng-30-03574816-n)	toestel (eng-30-02727825-n); apparaat (eng-30-02727825-n)
intentie (eng-30-05982152-n); zin (eng-30-05982152-n); inzicht (eng-30-05982152-n); opzet (eng-30-05982152-n); voornemen (eng-30-05982152-n); bedoeling (eng-30-05982152-n)	plan (eng-30-05898568-n); ontwerp (eng-30-05898568-n); bedoeling (eng-30-05898568-n); voornemen (eng-30-05898568-n); bestek (eng-30-05898568-n); idee (eng-30-05898568-n)
reclame (odwn-10-108666333-n)	promotie (eng-30-07248801-n); reclame (eng-30-07248801-n); verkoopbevordering (eng-30-07248801-n); sales-promotion (eng-30-07248801-n); promoting (eng-30-07248801-n); advertentie (eng-30-07248801-n); salespromotion (eng-30-07248801-n)
uitzoeken (eng-30-00657550-v); sorteren (eng-30-00657550-v)	uitvogelen (odwn-10-109215050-v)
aarden (eng-30-02665282-v); trekken (eng-30-02665282-v); neigen (eng-30-02665282-v); gelijken (eng-30-02665282-v); lijken (eng-30-02665282-v); lijken op (eng-30-02665282-v)	stroken (eng-30-02657219-v); overeenkomen (eng-30-02657219-v); rijmen (eng-30-02657219-v); overeenstemmen (eng-30-02657219-v); sluiten (eng-30-02657219-v)
feitelijkheid (odwn-10-107756855-n)	molest (eng-30-00419644-n); geweldpleging (eng-30-00419644-n); molestatie (eng-30-00419644-n); gewelddadigheid (eng-30-00419644-n)
bedoelen (eng-30-00708538-v); menen (eng-30-00708538-v); beogen (eng-30-00708538-v); intenderen (eng-30-00708538-v)	beogen (eng-30-01150559-v)
continueren (eng-30-02679899-v); voortgaan (eng-30-02679899-v); doorgaan (eng-30-02679899-v); voortbouwen (eng-30-02679899-v); voortzetten (eng-30-02679899-v); overgaan (eng-30-02679899-v); vervolgen (eng-30-02679899-v); staande houden (eng-30-02679899-v); blijven (eng-30-02679899-v)	duren (eng-30-00118523-v); voortduren (eng-30-00118523-v); lopen (eng-30-00118523-v); aanhouden (eng-30-00118523-v); continueren (eng-30-00118523-v); doorgaan (eng-30-00118523-v); doorlopen (eng-30-00118523-v)
verheugen (eng-30-01813884-v); verblijden (eng-30-01813884-v)	verblijden (odwn-10-109648466-v)
bewustzijn (odwn-10-105522369-n)	begrip (eng-30-05805475-n); notie (eng-30-05805475-n); benul (eng-30-05805475-n); besef (eng-30-05805475-n); onderkenning (eng-30-05805475-n); verstajem (eng-30-05805475-n)
laten (eng-30-00771490-v)	laten (eng-30-02721438-v)
afvalverbrandingsinstallatie (eng-30-00378706-n); vuilverbranding (eng-30-00378706-n); verbranding (eng-30-00378706-n)	afbranden (eng-30-14289590-n); brandwond (eng-30-14289590-n)
arrangement (eng-30-00939628-n); regeling (eng-30-00939628-n); bewerking (eng-30-00939628-n)	arrangement (eng-30-07177924-n); oplossing (eng-30-07177924-n); regeling (eng-30-07177924-n)
aanspraak (odwn-10-109022472-n)	aanspraak (eng-30-01061945-n); claim (eng-30-01061945-n)
opkomst (odwn-10-109536175-n)	begin (eng-30-15265518-n); beginperiode (eng-30-15265518-n); intrede (eng-30-15265518-n); opmaat (eng-30-15265518-n); inval (eng-30-15265518-n); aanvang (eng-30-15265518-n); show Time (eng-30-15265518-n)
eten (eng-30-01166351-v); tafelen (eng-30-01166351-v); maaltijden (eng-30-01166351-v); vreten (eng-30-01166351-v)	smikkelen (odwn-10-101621905-v)
waarmaken (odwn-10-106728374-v)	houden (eng-30-02671880-v); beantwoorden (eng-30-02671880-v); vervullen (eng-30-02671880-v); voldoen (eng-30-02671880-v)
umpire (eng-30-10735984-n); fluitist (eng-30-10735984-n); arbiter (eng-30-10735984-n); scheids (eng-30-10735984-n)	grensrechter (eng-30-10263931-n); linesman (eng-30-10263931-n); lijnrechter (eng-30-10263931-n)
shirt (eng-30-04197391-n); overhemd (eng-30-04197391-n); hemd (eng-30-04197391-n)	blouse (eng-30-02854926-n); bloes (eng-30-02854926-n)
arrangement (eng-30-07177924-n); oplossing (eng-30-07177924-n); regeling (eng-30-07177924-n)	prescriptie (eng-30-00805034-n); voorschrift (eng-30-00805034-n); reglement (eng-30-00805034-n); verordening (eng-30-00805034-n); statuut (eng-30-00805034-n); ordonnantie (eng-30-00805034-n)
intrede (odwn-10-100180053-n)	begin (eng-30-15265518-n); beginperiode (eng-30-15265518-n); intrede (eng-30-15265518-n); opmaat (eng-30-15265518-n); inval (eng-30-15265518-n); aanvang (eng-30-15265518-n); show Time (eng-30-15265518-n)
bedreiging (eng-30-06733476-n)	bedreiging (eng-30-14543231-n)
draad (eng-30-04426788-n); garen (eng-30-04426788-n)	lijn (eng-30-03670849-n)
smikkelen (odwn-10-101621905-v)	eten (eng-30-01166351-v); tafelen (eng-30-01166351-v); maaltijden (eng-30-01166351-v); vreten (eng-30-01166351-v)
touw (eng-30-03106110-n); koord (eng-30-03106110-n)	draad (eng-30-04426788-n); garen (eng-30-04426788-n)
uitzien (odwn-10-101810497-v)	verheugen (eng-30-01813884-v); verblijden (eng-30-01813884-v)
landverhuizer (eng-30-10314952-n); migrant (eng-30-10314952-n)	arbeidskracht (eng-30-09632518-n); arbeider (eng-30-09632518-n); werknemer (eng-30-09632518-n); loontrekker (eng-30-09632518-n); werkkracht (eng-30-09632518-n); kracht (eng-30-09632518-n)
introductie (eng-30-00240184-n); stichting (eng-30-00240184-n); formatie (eng-30-00240184-n); vorming (eng-30-00240184-n); grondvesting (eng-30-00240184-n); inleiding (eng-30-00240184-n); creatie (eng-30-00240184-n)	introductie (eng-30-00238022-n); tewaterlating (eng-30-00238022-n); invoering (eng-30-00238022-n)
goed (odwn-10-106221629-n)	waren (eng-30-03076708-n); handel (eng-30-03076708-n); negotie (eng-30-03076708-n); handelsgoederen (eng-30-03076708-n); spul (eng-30-03076708-n); koopwaar (eng-30-03076708-n); handelswaar (eng-30-03076708-n); waar (eng-30-03076708-n)
smullen (odwn-10-106845004-v)	eten (eng-30-01166351-v); tafelen (eng-30-01166351-v); maaltijden (eng-30-01166351-v); vreten (eng-30-01166351-v)
dwingen (eng-30-02504562-v); forceren (eng-30-02504562-v); knijpen (eng-30-02504562-v)	verplichten (odwn-10-105130739-v)
uitzoeken (eng-30-00657550-v); sorteren (eng-30-00657550-v)	uitzoeken (odwn-10-107446597-v)
overstappen (eng-30-00124442-v); overgaan (eng-30-00124442-v); voortbewegen (eng-30-00124442-v); overspringen (eng-30-00124442-v)	voortbewegen (eng-30-01511706-v)
beangstigen (eng-30-01779165-v); bang (eng-30-01779165-v)	beroeren (odwn-10-109112423-v)
verstoren (odwn-10-104063158-v)	storen (eng-30-00520357-v); onderbreken (eng-30-00520357-v)
molest (eng-30-00419644-n); geweldpleging (eng-30-00419644-n); molestatie (eng-30-00419644-n); gewelddadigheid (eng-30-00419644-n)	feitelijkheid (odwn-10-107756855-n)
instituut (eng-30-08407330-n); instelling (eng-30-08407330-n); genootschap (eng-30-08407330-n); inrichting (eng-30-08407330-n)	zothuis (eng-30-02820798-n); inrichting (eng-30-02820798-n); krankzinnigengesticht (eng-30-02820798-n); dolhuis (eng-30-02820798-n); gesticht (eng-30-02820798-n); gekkenhuis (eng-30-02820798-n)
geven (eng-30-02199590-v)	schenken (odwn-10-100104566-v)
umlaut (odwn-10-102082042-n)	umlaut (eng-30-06823760-n); deelteken (eng-30-06823760-n); trema (eng-30-06823760-n)
schrik (eng-30-07519253-n); vrees (eng-30-07519253-n); beklemming (eng-30-07519253-n); benauwdheid (eng-30-07519253-n); bangheid (eng-30-07519253-n); angstgevoel (eng-30-07519253-n); angst (eng-30-07519253-n)	schrik (odwn-10-108191575-n)
moeten (odwn-10-102529893-v)	houden (eng-30-01775164-v); mogen (eng-30-01775164-v); moeten (eng-30-01775164-v); geven (eng-30-01775164-v); gek zijn op (eng-30-01775164-v); believen (eng-30-01775164-v); hechten (eng-30-01775164-v); houden van (eng-30-01775164-v); blieven (eng-30-01775164-v)
uithalen (eng-30-01400044-v); een opduvel geven (eng-30-01400044-v); kloppen (eng-30-01400044-v); treffen (eng-30-01400044-v); raken (eng-30-01400044-v); kletsen (eng-30-01400044-v); slaan (eng-30-01400044-v)	indrijven (odwn-10-106776472-v)
terugtrekken (eng-30-02380009-v); uittreden (eng-30-02380009-v); neerleggen (eng-30-02380009-v)	aftreden (eng-30-02382367-v); terugtreden (eng-30-02382367-v)
schietpartij (eng-30-00122661-n); schot (eng-30-00122661-n)	bestoking (eng-30-00986938-n); beschieting (eng-30-00986938-n); vuur (eng-30-00986938-n)
uiten (eng-30-00940384-v)	uiten (eng-30-00943837-v); aantonen (eng-30-00943837-v)
kunst (eng-30-00933420-n)	kunstvorm (eng-30-05841151-n)
aftreden (eng-30-02382367-v); terugtreden (eng-30-02382367-v)	terugtrekken (eng-30-02380009-v); uittreden (eng-30-02380009-v); neerleggen (eng-30-02380009-v)
zinken (eng-30-01985923-v); zakken (eng-30-01985923-v); dalen (eng-30-01985923-v); neervallen (eng-30-01985923-v)	kieperen (odwn-10-102627457-v)
slinger (odwn-10-100683812-n)	gebogen lijn (eng-30-13867641-n); curve (eng-30-13867641-n)
neigen (eng-30-02732148-v); tenderen (eng-30-02732148-v)	zwemen (eng-30-02719399-v); plegen (eng-30-02719399-v)
verontrusten (odwn-10-100913084-v)	beangstigen (eng-30-01779165-v); bang (eng-30-01779165-v)
uitzoeken (eng-30-00657550-v); sorteren (eng-30-00657550-v)	vorsen (odwn-10-108689381-v)
uitrijden (odwn-10-103224825-v)	afkomen (eng-30-00484166-v); volbrengen (eng-30-00484166-v); afmaken (eng-30-00484166-v); afkrijgen (eng-30-00484166-v); voleinden (eng-30-00484166-v); klaarkrijgen (eng-30-00484166-v); gereedkomen (eng-30-00484166-v); voltooien (eng-30-00484166-v); voleindigen (eng-30-00484166-v); afronden (eng-30-00484166-v)
straatweg (eng-30-04096066-n); weg (eng-30-04096066-n); steenweg (eng-30-04096066-n); straat (eng-30-04096066-n); baan (eng-30-04096066-n)	baan (eng-30-03119790-n)
instrument (eng-30-03574816-n)	toestel (eng-30-03183080-n); apparaat (eng-30-03183080-n)
vertaalwoordenboek (eng-30-06418901-n); lexicon (eng-30-06418901-n); woordenboek (eng-30-06418901-n); dictionaire (eng-30-06418901-n)	lexicon (odwn-10-101762915-n)
naaien (eng-30-01329239-v)	borduren (odwn-10-102875395-v)
linesman (eng-30-10263259-n); grensrechter (eng-30-10263259-n); lijnrechter (eng-30-10263259-n)	umpire (eng-30-10735984-n); fluitist (eng-30-10735984-n); arbiter (eng-30-10735984-n); scheids (eng-30-10735984-n)
begin (eng-30-15265518-n); beginperiode (eng-30-15265518-n); intrede (eng-30-15265518-n); opmaat (eng-30-15265518-n); inval (eng-30-15265518-n); aanvang (eng-30-15265518-n); show Time (eng-30-15265518-n)	intrede (odwn-10-100180053-n)
onweer (odwn-10-103747643-n)	onweer (eng-30-11519253-n); onweersbui (eng-30-11519253-n)
smikkelen (odwn-10-101621905-v)	verbruiken (eng-30-01168468-v); consumeren (eng-30-01168468-v); nassen (eng-30-01168468-v); nuttigen (eng-30-01168468-v); bikken (eng-30-01168468-v); eten (eng-30-01168468-v); maaltijden (eng-30-01168468-v); tafelen (eng-30-01168468-v)
bediening (eng-30-00577068-n)	proces (eng-30-08377085-n); rij (eng-30-08377085-n); verloop (eng-30-08377085-n)
voortbrengen (eng-30-01752495-v)	vervaardigen (odwn-10-103752037-v)
waren (eng-30-03076708-n); handel (eng-30-03076708-n); negotie (eng-30-03076708-n); handelsgoederen (eng-30-03076708-n); spul (eng-30-03076708-n); koopwaar (eng-30-03076708-n); handelswaar (eng-30-03076708-n); waar (eng-30-03076708-n)	goedheid (odwn-10-102389522-n)
constateren (odwn-10-106229056-v)	vaststellen (eng-30-00699815-v); stellen (eng-30-00699815-v); bepalen (eng-30-00699815-v)
utensiliën (eng-30-04451818-n); werktuig (eng-30-04451818-n); gerei (eng-30-04451818-n); gereedschap (eng-30-04451818-n)	instrument (eng-30-03574816-n)
vuiligheid (odwn-10-102750421-n)	vuil (eng-30-14821984-n); verontreiniging (eng-30-14821984-n)
pas (odwn-10-109178660-n)	pas (eng-30-06500937-n); in godsnaam (eng-30-06500937-n); paspoort (eng-30-06500937-n)
omtoveren (odwn-10-104696558-v)	betoveren (eng-30-00776988-v); beheksen (eng-30-00776988-v)
smullen (odwn-10-106845004-v)	verbruiken (eng-30-01168468-v); consumeren (eng-30-01168468-v); nassen (eng-30-01168468-v); nuttigen (eng-30-01168468-v); bikken (eng-30-01168468-v); eten (eng-30-01168468-v); maaltijden (eng-30-01168468-v); tafelen (eng-30-01168468-v)
terugspringen (odwn-10-106026380-v)	inspringen (eng-30-01745377-v)
verbinding (eng-30-05870180-n)	compositum (odwn-10-109043440-n)
bediening (eng-30-00577068-n)	receptuur (eng-30-01023820-n); bereidingswijze (eng-30-01023820-n); procedure (eng-30-01023820-n)
kenmerkend (eng-30-04731497-n); eigenschap (eng-30-04731497-n); karakteristiek (eng-30-04731497-n); propriëteit (eng-30-04731497-n); hoedanigheid (eng-30-04731497-n)	kwaliteit (eng-30-00024720-n); boel (eng-30-00024720-n); situatie (eng-30-00024720-n); hoedanigheid (eng-30-00024720-n); bedoening (eng-30-00024720-n); toestand (eng-30-00024720-n)
uitdokteren (odwn-10-101965375-v)	uitzoeken (eng-30-00657550-v); sorteren (eng-30-00657550-v)
dwingen (eng-30-02504562-v); forceren (eng-30-02504562-v); knijpen (eng-30-02504562-v)	forceren (odwn-10-109847100-v)
consument (eng-30-09612848-n); verbruiker (eng-30-09612848-n)	mandant (eng-30-09984659-n); cliënt (eng-30-09984659-n); lastgever (eng-30-09984659-n); principaal (eng-30-09984659-n); klant (eng-30-09984659-n); committent (eng-30-09984659-n); opdrachtgever (eng-30-09984659-n); machtgever (eng-30-09984659-n); mandator (eng-30-09984659-n)
arbeidskracht (eng-30-09632518-n); arbeider (eng-30-09632518-n); werknemer (eng-30-09632518-n); loontrekker (eng-30-09632518-n); werkkracht (eng-30-09632518-n); kracht (eng-30-09632518-n)	landverhuizer (eng-30-10314952-n); migrant (eng-30-10314952-n)
plaats (eng-30-04105893-n); ruimte (eng-30-04105893-n); vertrek (eng-30-04105893-n); kamer (eng-30-04105893-n)	vertrek (eng-30-03003730-n)
hok (eng-30-03550289-n); kot (eng-30-03550289-n)	liftkooi (eng-30-02936714-n); box (eng-30-02936714-n); kooi (eng-30-02936714-n)
pastille (eng-30-03936568-n); tablet (eng-30-03936568-n); zuigtablet (eng-30-03936568-n)	pil (eng-30-03936895-n); anticonceptiepil (eng-30-03936895-n)
houden (eng-30-02671880-v); beantwoorden (eng-30-02671880-v); vervullen (eng-30-02671880-v); voldoen (eng-30-02671880-v)	bevredigen (eng-30-01816431-v); tevredenstellen (eng-30-01816431-v); vergenoegen (eng-30-01816431-v); voldoen (eng-30-01816431-v)
kunstvorm (eng-30-05841151-n)	kunst (eng-30-00933420-n)
toestel (eng-30-02727825-n); apparaat (eng-30-02727825-n)	utensiliën (eng-30-04451818-n); werktuig (eng-30-04451818-n); gerei (eng-30-04451818-n); gereedschap (eng-30-04451818-n)
verheugen (eng-30-01813884-v); verblijden (eng-30-01813884-v)	verheugen (odwn-10-103384373-v)
uitzoeken (odwn-10-107446597-v)	uitzoeken (eng-30-00657550-v); sorteren (eng-30-00657550-v)
grensrechter (eng-30-10263931-n); linesman (eng-30-10263931-n); lijnrechter (eng-30-10263931-n)	umpire (eng-30-10735984-n); fluitist (eng-30-10735984-n); arbiter (eng-30-10735984-n); scheids (eng-30-10735984-n)
bezorgen (odwn-10-103828962-v)	bovenhalen (eng-30-01759326-v); evoqueren (eng-30-01759326-v); oproepen (eng-30-01759326-v); ontlokken (eng-30-01759326-v); evoceren (eng-30-01759326-v); wekken (eng-30-01759326-v)
getuigenis (eng-30-06733939-n); bewijs (eng-30-06733939-n); bewijsstuk (eng-30-06733939-n)	papieren (eng-30-06470073-n); paperassen (eng-30-06470073-n); document (eng-30-06470073-n); papier (eng-30-06470073-n)
plaatsvinden (eng-30-00339934-v); overstag gaan (eng-30-00339934-v); gebeuren (eng-30-00339934-v); doorgaan (eng-30-00339934-v); plaatshebben (eng-30-00339934-v); tot stand komen (eng-30-00339934-v)	verrichten (eng-30-02413480-v); doen (eng-30-02413480-v); werken (eng-30-02413480-v)
regel (eng-30-06652242-n); voorschrift (eng-30-06652242-n)	regel (eng-30-05846054-n)
sneeuwbui (odwn-10-103877771-n)	sneeuwen (eng-30-11508382-n); sneeuwwit (eng-30-11508382-n); sneeuwval (eng-30-11508382-n); sneeuw (eng-30-11508382-n)
zwaaien (eng-30-01446901-v); zwenken (eng-30-01446901-v); wapperen (eng-30-01446901-v)	zwaaien (eng-30-01876530-v); slingeren (eng-30-01876530-v)
schip (eng-30-04194289-n); kiel (eng-30-04194289-n)	boot (eng-30-02858304-n); schip (eng-30-02858304-n)
bezighouden (eng-30-02415831-v)	verrichten (eng-30-02413480-v); doen (eng-30-02413480-v); werken (eng-30-02413480-v)
receptuur (eng-30-01023820-n); bereidingswijze (eng-30-01023820-n); procedure (eng-30-01023820-n)	bediening (eng-30-00577068-n)
reproductie (odwn-10-104734363-n)	replica (eng-30-04076533-n); kopie (eng-30-04076533-n)
umlaut (eng-30-06823760-n); deelteken (eng-30-06823760-n); trema (eng-30-06823760-n)	umlaut (odwn-10-102082042-n)
begroeting (eng-30-06631322-n); verwelkoming (eng-30-06631322-n); welkom (eng-30-06631322-n); onthaal (eng-30-06631322-n); ontvangst (eng-30-06631322-n)	groet (eng-30-06630017-n); begroeting (eng-30-06630017-n)
afbranden (eng-30-14289590-n); brandwond (eng-30-14289590-n)	afvalverbrandingsinstallatie (eng-30-00378706-n); vuilverbranding (eng-30-00378706-n); verbranding (eng-30-00378706-n)
particulier (odwn-10-108725714-n)	individu (eng-30-00007846-n); deze of gene (eng-30-00007846-n); mens (eng-30-00007846-n); iemand (eng-30-00007846-n); man (eng-30-00007846-n); persoon (eng-30-00007846-n); figuur (eng-30-00007846-n)
afwaaien (odwn-10-103137243-v)	wegwaaien (eng-30-01290945-v)
wassen (eng-30-00250181-v); groeien (eng-30-00250181-v)	wassen (eng-30-00231557-v); groeien (eng-30-00231557-v)
verblijden (odwn-10-109648466-v)	verheugen (eng-30-01813884-v); verblijden (eng-30-01813884-v)
verheugen (eng-30-01813884-v); verblijden (eng-30-01813884-v)	uitkijken (odwn-10-105918466-v)
denk (eng-30-06782680-n); giswerk (eng-30-06782680-n); vermoeden (eng-30-06782680-n); speculatie (eng-30-06782680-n)	speculatie (odwn-10-109999092-n)
board (eng-30-15101854-n); houtvezelplaat (eng-30-15101854-n); houtboard (eng-30-15101854-n); plank (eng-30-15101854-n)	spaanplaat (odwn-10-107381236-n)
pak (eng-30-03871628-n); pakje (eng-30-03871628-n)	pak (eng-30-03871083-n); pakket (eng-30-03871083-n); pakje (eng-30-03871083-n); vrachtstuk (eng-30-03871083-n)
bevredigen (eng-30-01816431-v); tevredenstellen (eng-30-01816431-v); vergenoegen (eng-30-01816431-v); voldoen (eng-30-01816431-v)	houden (eng-30-02671880-v); beantwoorden (eng-30-02671880-v); vervullen (eng-30-02671880-v); voldoen (eng-30-02671880-v)
terrein (eng-30-08497294-n); gebied (eng-30-08497294-n)	gemenebest (eng-30-08168978-n); staat (eng-30-08168978-n); land (eng-30-08168978-n)
scheidsrechter (eng-30-10514429-n); fluitist (eng-30-10514429-n); scheids (eng-30-10514429-n); arbiter (eng-30-10514429-n)	linesman (eng-30-10263259-n); grensrechter (eng-30-10263259-n); lijnrechter (eng-30-10263259-n)
invliegen (odwn-10-103557675-v)	vliegen (eng-30-01941093-v)
betoveren (eng-30-00776988-v); beheksen (eng-30-00776988-v)	omtoveren (odwn-10-104696558-v)
vaststellen (odwn-10-100933589-v)	vaststellen (eng-30-00699815-v); stellen (eng-30-00699815-v); bepalen (eng-30-00699815-v)
verwerken (eng-30-00723545-v); verdisconteren (eng-30-00723545-v); rekening houden (eng-30-00723545-v)	utiliseren (eng-30-01158872-v); gebruiken (eng-30-01158872-v); aanwenden (eng-30-01158872-v); verwerken (eng-30-01158872-v); pakken (eng-30-01158872-v); bezigen (eng-30-01158872-v); nemen (eng-30-01158872-v); benutten (eng-30-01158872-v); hanteren (eng-30-01158872-v); toepassen (eng-30-01158872-v)
land (odwn-10-108466870-n)	landouwen (eng-30-08644722-n); open veld (eng-30-08644722-n); platteland (eng-30-08644722-n); grondgebied (eng-30-08644722-n); landerijen (eng-30-08644722-n); land (eng-30-08644722-n); provincie (eng-30-08644722-n)
verhandelen (eng-30-02242464-v); slijten (eng-30-02242464-v); verkopen (eng-30-02242464-v)	aanschaffen (odwn-10-101675797-v)
geven (eng-30-02199590-v)	geven (odwn-10-101421104-v)
voortbrengen (eng-30-01752495-v)	produceren (odwn-10-104510056-v)
vragen (eng-30-00752764-v)	vragen (eng-30-00897746-v)
houden (eng-30-01775164-v); mogen (eng-30-01775164-v); moeten (eng-30-01775164-v); geven (eng-30-01775164-v); gek zijn op (eng-30-01775164-v); believen (eng-30-01775164-v); hechten (eng-30-01775164-v); houden van (eng-30-01775164-v); blieven (eng-30-01775164-v)	moeten (odwn-10-102529893-v)
Venus (eng-30-09555127-n)	Aphrodite (eng-30-09554132-n); Afrodite (eng-30-09554132-n); Cytherea (eng-30-09554132-n)
scheidsrechter (eng-30-10514429-n); fluitist (eng-30-10514429-n); scheids (eng-30-10514429-n); arbiter (eng-30-10514429-n)	grensrechter (eng-30-10263931-n); linesman (eng-30-10263931-n); lijnrechter (eng-30-10263931-n)
rijden (eng-30-01955984-v); verrijden (eng-30-01955984-v)	uitrijden (odwn-10-103224825-v)
utiliseren (eng-30-01158872-v); gebruiken (eng-30-01158872-v); aanwenden (eng-30-01158872-v); verwerken (eng-30-01158872-v); pakken (eng-30-01158872-v); bezigen (eng-30-01158872-v); nemen (eng-30-01158872-v); benutten (eng-30-01158872-v); hanteren (eng-30-01158872-v); toepassen (eng-30-01158872-v)	dienen (odwn-10-101083679-v)
voortbewegen (eng-30-01511706-v)	overstappen (eng-30-00124442-v); overgaan (eng-30-00124442-v); voortbewegen (eng-30-00124442-v); overspringen (eng-30-00124442-v)
strekken (odwn-10-101478032-v)	utiliseren (eng-30-01158872-v); gebruiken (eng-30-01158872-v); aanwenden (eng-30-01158872-v); verwerken (eng-30-01158872-v); pakken (eng-30-01158872-v); bezigen (eng-30-01158872-v); nemen (eng-30-01158872-v); benutten (eng-30-01158872-v); hanteren (eng-30-01158872-v); toepassen (eng-30-01158872-v)
doorkijken (odwn-10-105026356-v)	doorzien (eng-30-02152278-v); doorkijken (eng-30-02152278-v); doorbladeren (eng-30-02152278-v)
oppassen (eng-30-02550296-v); verzorgen (eng-30-02550296-v)	bekommeren om (eng-30-02549581-v); behandelen (eng-30-02549581-v); aandacht besteden aan (eng-30-02549581-v); zorgen (eng-30-02549581-v)
beroeren (odwn-10-109112423-v)	beangstigen (eng-30-01779165-v); bang (eng-30-01779165-v)
uitkijken (odwn-10-105918466-v)	verheugen (eng-30-01813884-v); verblijden (eng-30-01813884-v)
wet (odwn-10-104923503-n)	instructie (eng-30-07170080-n); directief (eng-30-07170080-n); voorschrift (eng-30-07170080-n); richtlijn (eng-30-07170080-n)
constitutie (eng-30-00378985-n); samenstelling (eng-30-00378985-n)	schakeling (eng-30-00145218-n); verbinding (eng-30-00145218-n); telefoonaansluiting (eng-30-00145218-n); aansluiting (eng-30-00145218-n); connectie (eng-30-00145218-n)
stilleggen (eng-30-02609764-v); eindigen (eng-30-02609764-v); stoppen (eng-30-02609764-v); uitscheiden (eng-30-02609764-v); nokken (eng-30-02609764-v); ophouden (eng-30-02609764-v)	sluiten (eng-30-00352826-v); opzeggen (eng-30-00352826-v); besluiten (eng-30-00352826-v); beëindigen (eng-30-00352826-v); stoppen (eng-30-00352826-v); termineren (eng-30-00352826-v); bedanken (eng-30-00352826-v); afsluiten (eng-30-00352826-v); eindigen (eng-30-00352826-v)
uitvlooien (odwn-10-106413037-v)	uitzoeken (eng-30-00657550-v); sorteren (eng-30-00657550-v)
schakeling (eng-30-00145218-n); verbinding (eng-30-00145218-n); telefoonaansluiting (eng-30-00145218-n); aansluiting (eng-30-00145218-n); connectie (eng-30-00145218-n)	constitutie (eng-30-00378985-n); samenstelling (eng-30-00378985-n)
begin (eng-30-15265518-n); beginperiode (eng-30-15265518-n); intrede (eng-30-15265518-n); opmaat (eng-30-15265518-n); inval (eng-30-15265518-n); aanvang (eng-30-15265518-n); show Time (eng-30-15265518-n)	opkomst (odwn-10-109536175-n)
zinken (eng-30-01985923-v); zakken (eng-30-01985923-v); dalen (eng-30-01985923-v); neervallen (eng-30-01985923-v)	omkiepen (odwn-10-107887438-v)
afval (eng-30-14856263-n); afvalstof (eng-30-14856263-n)	vuil (eng-30-14821984-n); verontreiniging (eng-30-14821984-n)
schrik (odwn-10-108191575-n)	schrik (eng-30-07519253-n); vrees (eng-30-07519253-n); beklemming (eng-30-07519253-n); benauwdheid (eng-30-07519253-n); bangheid (eng-30-07519253-n); angstgevoel (eng-30-07519253-n); angst (eng-30-07519253-n)
verheugen (eng-30-01813884-v); verblijden (eng-30-01813884-v)	verheugen (odwn-10-104160636-v)
grensrechter (eng-30-10263931-n); linesman (eng-30-10263931-n); lijnrechter (eng-30-10263931-n)	scheidsrechter (eng-30-10514429-n); fluitist (eng-30-10514429-n); scheids (eng-30-10514429-n); arbiter (eng-30-10514429-n)
gemenebest (eng-30-08168978-n); staat (eng-30-08168978-n); land (eng-30-08168978-n)	terrein (eng-30-08497294-n); gebied (eng-30-08497294-n)
spaanplaat (odwn-10-107381236-n)	board (eng-30-15101854-n); houtvezelplaat (eng-30-15101854-n); houtboard (eng-30-15101854-n); plank (eng-30-15101854-n)
voorzien (eng-30-02327200-v)	invliegen (odwn-10-103557675-v)
kwaliteit (eng-30-00024720-n); boel (eng-30-00024720-n); situatie (eng-30-00024720-n); hoedanigheid (eng-30-00024720-n); bedoening (eng-30-00024720-n); toestand (eng-30-00024720-n)	kenmerkend (eng-30-04731497-n); eigenschap (eng-30-04731497-n); karakteristiek (eng-30-04731497-n); propriëteit (eng-30-04731497-n); hoedanigheid (eng-30-04731497-n)
oefening (eng-30-00894552-n)	oefening (eng-30-00729919-n); vraag (eng-30-00729919-n); oefenen (eng-30-00729919-n); opgaaf (eng-30-00729919-n); opdracht (eng-30-00729919-n); opgave (eng-30-00729919-n); exercitie (eng-30-00729919-n)
overwegen (eng-30-02166460-v); nadenken (eng-30-02166460-v); overdenken (eng-30-02166460-v); overpeinzen (eng-30-02166460-v)	overdenken (eng-30-00630380-v); stilstaan bij (eng-30-00630380-v); overwegen (eng-30-00630380-v); mediteren (eng-30-00630380-v); studeren (eng-30-00630380-v); overpeinzen (eng-30-00630380-v); contempleren (eng-30-00630380-v)
eindbestemming (eng-30-05980875-n)	eindstation (odwn-10-109747342-n)
verheugen (odwn-10-104160636-v)	verheugen (eng-30-01813884-v); verblijden (eng-30-01813884-v)
vervlakken (eng-30-00192051-v); afstompen (eng-30-00192051-v)	afstompen (eng-30-00228019-v)
aanschaffen (odwn-10-101675797-v)	verhandelen (eng-30-02242464-v); slijten (eng-30-02242464-v); verkopen (eng-30-02242464-v)
vreugde (eng-30-07527167-n); verheugenis (eng-30-07527167-n); blijdschap (eng-30-07527167-n); blijheid (eng-30-07527167-n)	vrolijkheid (eng-30-04630689-n)
utiliseren (eng-30-01158872-v); gebruiken (eng-30-01158872-v); aanwenden (eng-30-01158872-v); verwerken (eng-30-01158872-v); pakken (eng-30-01158872-v); bezigen (eng-30-01158872-v); nemen (eng-30-01158872-v); benutten (eng-30-01158872-v); hanteren (eng-30-01158872-v); toepassen (eng-30-01158872-v)	verwerken (eng-30-00723545-v); verdisconteren (eng-30-00723545-v); rekening houden (eng-30-00723545-v)
geven (odwn-10-101421104-v)	geven (eng-30-02199590-v)
vrolijkheid (eng-30-04630689-n)	vreugde (eng-30-07527167-n); verheugenis (eng-30-07527167-n); blijdschap (eng-30-07527167-n); blijheid (eng-30-07527167-n)
toestel (eng-30-02727825-n); apparaat (eng-30-02727825-n)	instrument (eng-30-03574816-n)
arrangement (eng-30-07177924-n); oplossing (eng-30-07177924-n); regeling (eng-30-07177924-n)	arrangement (eng-30-00939628-n); regeling (eng-30-00939628-n); bewerking (eng-30-00939628-n)
effect (eng-30-11410625-n); gevolg (eng-30-11410625-n); uitvloeisel (eng-30-11410625-n); voortvloeisel (eng-30-11410625-n); uitkomst (eng-30-11410625-n); consequentie (eng-30-11410625-n); uitwerking (eng-30-11410625-n)	resultaat (odwn-10-106016557-n)
botanica (eng-30-08436759-n); vegetatie (eng-30-08436759-n); plantengroei (eng-30-08436759-n); plantenleven (eng-30-08436759-n); gewas (eng-30-08436759-n)	gewas (odwn-10-101513765-n)
groet (eng-30-06630017-n); begroeting (eng-30-06630017-n)	begroeting (eng-30-06631322-n); verwelkoming (eng-30-06631322-n); welkom (eng-30-06631322-n); onthaal (eng-30-06631322-n); ontvangst (eng-30-06631322-n)
omkiepen (odwn-10-107887438-v)	zinken (eng-30-01985923-v); zakken (eng-30-01985923-v); dalen (eng-30-01985923-v); neervallen (eng-30-01985923-v)
board (eng-30-15101854-n); houtvezelplaat (eng-30-15101854-n); houtboard (eng-30-15101854-n); plank (eng-30-15101854-n)	vezelplaat (odwn-10-108751275-n)
eye-catcher (eng-30-05812813-n); blikvanger (eng-30-05812813-n); eyecatcher (eng-30-05812813-n)	aas (eng-30-05695232-n); lokaas (eng-30-05695232-n); lokmiddel (eng-30-05695232-n); lokkertje (eng-30-05695232-n)
schenken (odwn-10-100104566-v)	geven (eng-30-02199590-v)
aanval (eng-30-08215495-n); voorhoede (eng-30-08215495-n)	voorhoede (odwn-10-108356493-n)
mineraalwater (eng-30-14662574-n); mineraal (eng-30-14662574-n); delfstof (eng-30-14662574-n)	delfstof (odwn-10-106905683-n)
pas (eng-30-06500937-n); in godsnaam (eng-30-06500937-n); paspoort (eng-30-06500937-n)	pas (odwn-10-109178660-n)
onderbreken (eng-30-00362805-v)	storen (eng-30-00520357-v); onderbreken (eng-30-00520357-v)
vuil (eng-30-14821984-n); verontreiniging (eng-30-14821984-n)	vuil (odwn-10-109194713-n)
verteren (odwn-10-100009110-v)	verteren (eng-30-01197338-v)
kennisneming (eng-30-05675905-n); besef (eng-30-05675905-n); notie (eng-30-05675905-n); begrip (eng-30-05675905-n); benul (eng-30-05675905-n); onderkenning (eng-30-05675905-n)	bewustzijn (odwn-10-105522369-n)
teweegbrengen (eng-30-01645601-v); veroorzaken (eng-30-01645601-v); leiden (eng-30-01645601-v)	resulteren (eng-30-02634265-v); uitvallen (eng-30-02634265-v); uitdraaien (eng-30-02634265-v); vallen (eng-30-02634265-v); bekomen (eng-30-02634265-v); uitlopen (eng-30-02634265-v); leiden (eng-30-02634265-v); uitmonden (eng-30-02634265-v); uitpakken (eng-30-02634265-v)
spreekgestoelte (eng-30-03159640-n); ereschavot (eng-30-03159640-n); estrade (eng-30-03159640-n); schavot (eng-30-03159640-n); erepodium (eng-30-03159640-n); platform (eng-30-03159640-n); preekstoel (eng-30-03159640-n); kansel (eng-30-03159640-n)	platform (odwn-10-103525269-n)
schade (eng-30-00403092-n)	zeer (eng-30-14322699-n); pijn (eng-30-14322699-n)
goederen (odwn-10-103022467-n)	koopwaar (eng-30-03748886-n); waren (eng-30-03748886-n); product (eng-30-03748886-n); waar (eng-30-03748886-n); handelsgoederen (eng-30-03748886-n); handel (eng-30-03748886-n); handelswaar (eng-30-03748886-n); spul (eng-30-03748886-n)
uitzoeken (eng-30-00657550-v); sorteren (eng-30-00657550-v)	uitvissen (odwn-10-104967398-v)
meemaken (eng-30-02110220-v); doorleven (eng-30-02110220-v); beleven (eng-30-02110220-v)	gebeuren (eng-30-00345000-v); overkomen (eng-30-00345000-v); geworden (eng-30-00345000-v); geschieden (eng-30-00345000-v)
